indicator_id,classification_id,context_id,provenance,text_fragment,classification_id,classification_id_rev
NRM_STIG,NRM_STIG_C,E_F_E.18,BD3E_F,People would ill-talk if a girl goes to work in the fields,NRM_STIG_C,
NRM_STIG,NRM_STIG_C,E_F_E.18,BD3E_F,"And the boys go to work in the fields, which the girls cannot do; because their parents or husbands do not allow them to do so. Even their parents-in-law restrict them for this; because it is a matter of reputation",NRM_STIG_C,
NRM_STIG,NRM_STIG_C,E_F_E.18,BD6E_F,"it is the responsibility of women to do household chores and working outside is the responsibility of men. If they do work in the other way around, people will malign of them. People will not take this normally.",NRM_STIG_C,
NRM_STIG,NRM_STIG_C,E_F_E.20,BD3E_F,"we have never seen any woman, to grow crops and sell them on her own. It is impossible for a girl because it is a matter of reputation, if she goes in the market, she might be ill-treated by any kind of cheap person, which is why she is not allowed there, by her parents",NRM_STIG_C,
NRM_STIG,NRM_STIG_C,E_F_E.20,ET1E_F,in the first place she will never even try to do it. She should be crazy to even try. People will never accept that.,NRM_STIG_C,
NRM_STIG,NRM_STIG_C,E_F_E.20,ET1E_F,I coul not even imagine how people will react.,NRM_STIG_C,
NRM_STIG,NRM_STIG_C,E_F_E.20,ET1E_F,"the men would be angry. I am sure even in the market, they would not buy from her.",NRM_STIG_C,
NRM_STIG,NRM_STIG_C,E_F_E.20,ET1E_F,They may think that she is a thief. Or she must be somebody her husband and whole family have abandoned because of some bad things.,NRM_STIG_C,
NRM_STIG,NRM_STIG_C,E_F_E.20,UZ3E_F,its not good for young girls to work at market and sell her products,NRM_STIG_C,
NRM_STIG,NRM_STIG_C,E_F_E.26,BD3E_F,"If [female spouse] went to the market to sell the crops, [male spouse]?s respect in the society would decrease, his reputation would decrease.",NRM_STIG_C,
NRM_STIG,NRM_STIG_C,E_F_E.26,ET1E_F,"he will ask her where are you spending your days, where do you learn such disobedience?",NRM_STIG_C,
NRM_STIG,NRM_STIG_C,E_F_E.26,ET2E_F,If she refuses to give him the income thats the end of their marriage.,NRM_STIG_C,
NRM_STIG,NRM_STIG_C,E_F_E.26,ET2E_F,He may even becoming violence and starts thinking that she saw someone else.,NRM_STIG_C,
NRM_STIG,NRM_STIG_C,E_F_E.26,PK7E_F,Women are not daring that she will do such thing.,NRM_STIG_C,
NRM_STIG,NRM_STIG_C,E_F_E.28,BD3E_F,"But even if there is the husband?s permission [to sell vegetables in the market], people will still gossip about it.",NRM_STIG_C,
NRM_STIG,NRM_STIG_C,E_F_E.28,BD6E_F,"Because [female spouse] sells vegetables by herself in the market, she will not have any honor in the society",NRM_STIG_C,
NRM_STIG,NRM_STIG_C,E_F_E.28,BD6E_F,People in the village criticize if any woman goes to the market and sells things.,NRM_STIG_C,
NRM_STIG,NRM_STIG_C,E_F_E.28,BD6E_F,what is the reason to going to market to sell vegetables when [female spouse] has her husband at home? This means she is a bad woman. People will think like this about her,NRM_STIG_C,
NRM_STIG,NRM_STIG_C,E_F_E.28,ET1E_F,They will think that she is having some hidden affair with someone,NRM_STIG_C,
NRM_STIG,NRM_STIG_C,E_F_E.28,ET1E_F,People will hate her.,NRM_STIG_C,
NRM_STIG,NRM_STIG_C,E_F_E.28,ET1E_F,They will even spread some unfounded stories about her.,NRM_STIG_C,
NRM_STIG,NRM_STIG_C,E_F_E.28,ET1E_F,The neighbors would not want to associate themselves with her.,NRM_STIG_C,
NRM_STIG,NRM_STIG_C,E_F_E.28,ET2E_F,a man under his wifes wing is the weakest and controlled type.,NRM_STIG_C,
NRM_STIG,NRM_STIG_C,E_F_E.28,ET2E_F,he is not a man.,NRM_STIG_C,
NRM_STIG,NRM_STIG_C,E_F_E.28,ET2E_F,She will be alienated and insulted by fellow women friends and his family.,NRM_STIG_C,
NRM_STIG,NRM_STIG_C,E_F_E.28,ET2E_F,"She might be considered as greedy, prostitute.",NRM_STIG_C,
NRM_STIG,NRM_STIG_C,E_F_E.28,ET4E_F,the community will talk behind them as if she is a man and he is the lady,NRM_STIG_C,
NRM_STIG,NRM_STIG_C,E_F_E.28,ET4E_F,She would be labeled as a woman who doesnt respect her husband,NRM_STIG_C,
NRM_STIG,NRM_STIG_C,E_F_E.28,IN1E_F,No one will speak well of her because she has defied the cultural norms of the society,NRM_STIG_C,
NRM_STIG,NRM_STIG_C,E_F_E.28,IN1E_F,People may think that there are marital problems between the two of them and that she has kind of left her husband,NRM_STIG_C,
NRM_STIG,NRM_STIG_C,E_F_E.28,IN1E_F,Her friends will ridicule her,NRM_STIG_C,
NRM_STIG,NRM_STIG_C,E_F_E.28,IN4E_F,People will not talk well of her,NRM_STIG_C,
NRM_STIG,NRM_STIG_C,E_F_E.28,IN4E_F,They will say she is hobnobbing with men and enjoying,NRM_STIG_C,
NRM_STIG,NRM_STIG_C,E_F_E.28,IN9E_F,This is unique situation; many women work but for a man to sit at home while his wife works is beyond my comprehension,NRM_STIG_C,
NRM_STIG,NRM_STIG_C,E_F_E.28,IN9E_F,People may understand that Mary may be working to support her family but no one can forgive Mark for sitting at home,NRM_STIG_C,NRM_STIG_N
NRM_STIG,NRM_STIG_C,E_F_E.28,IN9E_F,older women will say stuff like she has no control over her husband etc,NRM_STIG_C,
NRM_STIG,NRM_STIG_C,E_F_E.28,IN9E_F,Community will speak ill of Mary and say that she is not a good wife,NRM_STIG_C,
NRM_STIG,NRM_STIG_C,E_F_E.28,IN9E_F,Mary will be blamed by people for this ironic situation in her family,NRM_STIG_C,
NRM_STIG,NRM_STIG_C,E_F_E.28,NP2E_F,some people take it negatively and say [female spouse] is roaming around in market leaving children and husband at home.,NRM_STIG_C,
NRM_STIG,NRM_STIG_C,E_F_E.28,PK2E_F,very bad reputation,NRM_STIG_C,
NRM_STIG,NRM_STIG_C,E_F_E.28,PK2E_F,Stigma of bad characters,NRM_STIG_C,
NRM_STIG,NRM_STIG_C,E_F_E.28,PK2E_F,Will be considered very awkward,NRM_STIG_C,
NRM_STIG,NRM_STIG_C,E_F_E.28,PK7E_F,[female spouse] will be regarded as a bad woman.,NRM_STIG_C,
NRM_STIG,NRM_STIG_C,E_F_E.28,PK7E_F,People will give negative comments.,NRM_STIG_C,
NRM_STIG,NRM_STIG_C,E_F_E.29,BD3E_F,"[if his wife sells vegetables in the market] [male spouse]?s respect would lessen amongst his village and friends. People will talk trash.
A lot of them would say, ?How could [male spouse] allow his wife to do men?s work outside??",NRM_STIG_C,
NRM_STIG,NRM_STIG_C,E_F_E.29,BD6E_F,"To the friends and the other people of the village,  [male spouse] will not have any respect as well. They will see him as a mean person. And they will say Why do you send your wife to the market? Why do you not go there?",NRM_STIG_C,
NRM_STIG,NRM_STIG_C,E_F_E.29,ET1E_F,he will be pressured by both men and women.,NRM_STIG_C,
NRM_STIG,NRM_STIG_C,E_F_E.29,ET1E_F,"The women will say are you a man? How come you call yourself a man? while the men will bully him a lot by calling him names such as a woman, change your close you are not a man and dress up like a woman",NRM_STIG_C,
NRM_STIG,NRM_STIG_C,E_F_E.29,ET1E_F,"no one will ever respect him. They will say she has made him bring water, and take care of the children and he must be so weak that he allowed such a thing.",NRM_STIG_C,
NRM_STIG,NRM_STIG_C,E_F_E.29,ET1E_F,"They will tell them that he has become sick with some kind of mental illness, that is not something acceptable and to be emulated.",NRM_STIG_C,
NRM_STIG,NRM_STIG_C,E_F_E.29,ET1E_F,be careful. Do not associate yourself with him.,NRM_STIG_C,
NRM_STIG,NRM_STIG_C,E_F_E.29,ET1E_F,People will never give him credit because they will think he will never pay back as the money is with his wife.,NRM_STIG_C,
NRM_STIG,NRM_STIG_C,E_F_E.29,ET2E_F,No one respected him.,NRM_STIG_C,
NRM_STIG,NRM_STIG_C,E_F_E.29,ET2E_F,they will call him names or fight with him for no reason.,NRM_STIG_C,
NRM_STIG,NRM_STIG_C,E_F_E.29,ET2E_F,Men will ask him not to be with such a woman and marry another decent woman.,NRM_STIG_C,
NRM_STIG,NRM_STIG_C,E_F_E.29,ET4E_F,his friends gossip that he is bad model for our wives,NRM_STIG_C,
NRM_STIG,NRM_STIG_C,E_F_E.29,ET4E_F,They would insulted him a woman,NRM_STIG_C,
NRM_STIG,NRM_STIG_C,E_F_E.29,ET4E_F,the neighbors gossip that she will leave him sooner,NRM_STIG_C,
NRM_STIG,NRM_STIG_C,E_F_E.29,IN1E_F,His friends will instigate him to stop his wife from going out to work,NRM_STIG_C,
NRM_STIG,NRM_STIG_C,E_F_E.29,IN3E_F,People will tell him that it is wrong of him be enjoying off his wife’s hard work,NRM_STIG_C,
NRM_STIG,NRM_STIG_C,E_F_E.29,IN4E_F,Mark will have a tough time and will have to face the wrath of the community,NRM_STIG_C,
NRM_STIG,NRM_STIG_C,E_F_E.29,IN4E_F,People will question him and the elders in his family will try to reason with him,NRM_STIG_C,
NRM_STIG,NRM_STIG_C,E_F_E.29,IN4E_F,His friends will stop talking to him,NRM_STIG_C,
NRM_STIG,NRM_STIG_C,E_F_E.29,IN7E_F,Mark will a laughing stock,NRM_STIG_C,
NRM_STIG,NRM_STIG_C,E_F_E.29,IN7E_F,People will say he is a woman,NRM_STIG_C,
NRM_STIG,NRM_STIG_C,E_F_E.29,IN9E_F,People will call him all sorts of names and abuse him,NRM_STIG_C,
NRM_STIG,NRM_STIG_C,E_F_E.29,IN9E_F,They will tell him to go and suicide for being such a worthless fellow,NRM_STIG_C,
NRM_STIG,NRM_STIG_C,E_F_E.29,NP2E_F,people might call [male spouse] Gay,NRM_STIG_C,
NRM_STIG,NRM_STIG_C,E_F_E.29,NP2E_F,some people might not because he is staying at home let wife to work outside.,NRM_STIG_C,
NRM_STIG,NRM_STIG_C,E_F_E.29,NP2E_F,"Some people might criticize Hari saying you are a lucky man, need not to go out for work just eat and stay at home",NRM_STIG_C,
NRM_STIG,NRM_STIG_C,E_F_E.29,PK2E_F,Person have no respect as depend for livelihood on his wife income.,NRM_STIG_C,
NRM_STIG,NRM_STIG_C,E_F_E.29,PK2E_F,Man of no honor,NRM_STIG_C,
NRM_STIG,NRM_STIG_C,E_F_E.29,PK2E_F,In community gathering nobody have respect for him,NRM_STIG_C,
NRM_STIG,NRM_STIG_C,E_F_E.29,UZ3E_F,Some men will laugh at him; because of his taking care of his children,NRM_STIG_C,
NRM_STIG,NRM_STIG_C,E_F_E.33,BD3E_F,"Till [male spouse] is alive, he will never let [female spouse] go to the market [to sell vegetables from her home garden]. Because people will ill-talk about it. ?The wife visits the market while the husband is still alive! Why is there for?? people would say such things.
Since it is a matter of reputation, [male spouse] would never allow that.",NRM_STIG_C,
NRM_STIG,NRM_STIG_C,E_F_E.33,ET2E_F,selling small amount of vegetable in the market is a shame for the man.,NRM_STIG_C,
NRM_STIG,NRM_STIG_C,E_F_E.33,ET2E_F,all will laugh at him and insult him; no one will buy from him.,NRM_STIG_C,
NRM_STIG,NRM_STIG_C,E_F_E.43,BD3E_F,"When a teenage girl leaves her work in the city and returns to the village, then they are gossiped about. They talk bad about her in such a way, as if she had done some unethical work in the city. Then, after they have returned to the village, people now suspect whether they are making an illegitimate relation with any other village boy.",NRM_STIG_C,
NRM_STIG,NRM_STIG_C,E_F_E.43,ET1E_F,"no one respect girls in any case, even family members will tell her to find her own ways",NRM_STIG_C,
NRM_STIG,NRM_STIG_C,E_F_E.43,ET1E_F,She will have to find a way to survive unless she gets married.,NRM_STIG_C,
NRM_STIG,NRM_STIG_C,E_F_E.43,ET2E_F,girls who returned from XX with nothing some are mentally ill people feel sorry some gossip.,NRM_STIG_C,
NRM_STIG,NRM_STIG_C,E_F_E.43,PK7E_F,They think that she is not nice person.,NRM_STIG_C,
NRM_STIG,NRM_STIG_C,E_F_E.43,UZ3E_F,These types of girls are not respected in our community,NRM_STIG_C,
NRM_STIG,NRM_STIG_C,E_F_E.41,BD3E_F,"Because in our area, girls cannot go anywhere freely. Because then, both the girl?s and her family?s would be defamed.",NRM_STIG_C,
NRM_STIG,NRM_STIG_C,E_F_E.41,ET1E_F,what they fear is that others will say some bad things about the daughter and she would be unable to get married,NRM_STIG_C,
NRM_STIG,NRM_STIG_C,E_F_E.41,ET1E_F,"There are boys who would wait girls on the road and try to harass them, so our parents are afraid people will see their daughter with them.",NRM_STIG_C,
NRM_STIG,NRM_STIG_C,E_F_E.41,IN4E_F,What is the point in going if boys will embarrass us by passing lewd comments at us,NRM_STIG_C,
NRM_STIG,NRM_STIG_C,E_M_E.19,BD3E_M,many people will criticize behind her back and she may lose her social dignity and respect in front of society if she freely moves in the field and public places.,NRM_STIG_C,
NRM_STIG,NRM_STIG_C,E_M_E.19,ET1E_M,he will be in trouble and an be beaten by the man.,NRM_STIG_C,
NRM_STIG,NRM_STIG_C,E_M_E.19,IN3E_M,They will not be allowed to do farming by their parents since it will harm their reputation,NRM_STIG_C,
NRM_STIG,NRM_STIG_C,E_M_E.19,IN4E_M,They will not get the support of their family members and they will never go against their family,NRM_STIG_C,
NRM_STIG,NRM_STIG_C,E_M_E.28,BD3E_M,Mary has fewer social position and dignity in the village because she goes to the local market where she sells her products. She may be lost respect (somman harabe) and reputation,NRM_STIG_C,
NRM_STIG,NRM_STIG_C,E_M_E.28,BD6E_M,[female spouse] has inferior social position and dignity in the village because she goes to the local market where she sells her products.,NRM_STIG_C,
NRM_STIG,NRM_STIG_C,E_M_E.28,BD6E_M,She will lose her respect (somman harabe) and reputation.,NRM_STIG_C,
NRM_STIG,NRM_STIG_C,E_M_E.28,BD6E_M,Most people see her badly since she is going to such nasty place. People will laugh at her and make jokes about her.,NRM_STIG_C,
NRM_STIG,NRM_STIG_C,E_M_E.28,BD6E_M,she will lose her dignity fully.,NRM_STIG_C,
NRM_STIG,NRM_STIG_C,E_M_E.28,ET1E_M,"The community label her as disobedient, and him as crazy.",NRM_STIG_C,
NRM_STIG,NRM_STIG_C,E_M_E.28,ET1E_M,they said she is a thief. She is robbing him off what is supposed to be his.,NRM_STIG_C,
NRM_STIG,NRM_STIG_C,E_M_E.28,ET2E_M,people suspect adultery if woman markets often,NRM_STIG_C,
NRM_STIG,NRM_STIG_C,E_M_E.28,ET2E_M,husbands may forbid wives to associate with her,NRM_STIG_C,
NRM_STIG,NRM_STIG_C,E_M_E.28,ET4E_M,people would say to her that she let her husband be child keeper,NRM_STIG_C,
NRM_STIG,NRM_STIG_C,E_M_E.28,ET4E_M,it depends on the understanding of the people. If the people living around have negative attitude on men and womens equality they would say that he is the wife,NRM_STIG_C,
NRM_STIG,NRM_STIG_C,E_M_E.28,ET4E_M,people would say that she is not a good wife,NRM_STIG_C,
NRM_STIG,NRM_STIG_C,E_M_E.28,ET4E_M,people would say that she is seeing somebody else,NRM_STIG_C,
NRM_STIG,NRM_STIG_C,E_M_E.28,IN1E_M,People will pass comments on her character,NRM_STIG_C,
NRM_STIG,NRM_STIG_C,E_M_E.28,IN1E_M,Womens going to the market to sell is unthinkable; our society will now allow it; her life will be difficult,NRM_STIG_C,
NRM_STIG,NRM_STIG_C,E_M_E.28,IN1E_M,People will say her husband is a lichchar (rascal) and sitting vella (idle) at home and is forcing his wife to work outside,NRM_STIG_C,
NRM_STIG,NRM_STIG_C,E_M_E.28,IN1E_M,People will make fun of such a family where husband sits at home while wife works outside,NRM_STIG_C,
NRM_STIG,NRM_STIG_C,E_M_E.28,IN3E_M,She will have to talk to her customer with a smile on her face and the community will misconstrue her intentions,NRM_STIG_C,
NRM_STIG,NRM_STIG_C,E_M_E.28,IN3E_M,If a woman goes outside to work and sell in-spite of having a husband then people say she has a bad character,NRM_STIG_C,
NRM_STIG,NRM_STIG_C,E_M_E.28,IN3E_M,If a woman doesnt have a husband and no other male member then she has no choice but to work to make a living and if people call her names then she will suffer silently but continue to work,NRM_STIG_C,
NRM_STIG,NRM_STIG_C,E_M_E.28,IN7E_M,it is unfathomable if the husbands chooses to sit at home,NRM_STIG_C,
NRM_STIG,NRM_STIG_C,E_M_E.28,IN9E_M,Her reputation will definitely take a hit since she will be the odd one out amongst the women in the village,NRM_STIG_C,
NRM_STIG,NRM_STIG_C,E_M_E.28,IN9E_M,People will make fun of the whole family,NRM_STIG_C,
NRM_STIG,NRM_STIG_C,E_M_E.28,IN9E_M,Even women will laugh at her,NRM_STIG_C,
NRM_STIG,NRM_STIG_C,E_M_E.28,IN9E_M,The elders in her family will encourage her to reason with her husband since such a situation is not good for the family,NRM_STIG_C,
NRM_STIG,NRM_STIG_C,E_M_E.28,PK2E_M,"In case of her participation in market activities, people will blame her husband and consider it bad and no respect for him in the community.",NRM_STIG_C,
NRM_STIG,NRM_STIG_C,E_M_E.28,PK7E_M,[female spouse] will be regarded as a bad woman.,NRM_STIG_C,
NRM_STIG,NRM_STIG_C,E_M_E.28,PK7E_M,"If the women living in our surrounding villages visit a market, the people talk about them in a bad way.",NRM_STIG_C,
NRM_STIG,NRM_STIG_C,E_M_E.28,PK7E_M,They think that their husbands or males are shameless who get market work done by their women.,NRM_STIG_C,
NRM_STIG,NRM_STIG_C,E_M_E.28,PK7E_M,[female spouse]'s  prestige will be considered bad.,NRM_STIG_C,
NRM_STIG,NRM_STIG_C,E_M_E.29,BD3E_M,Mark is also losing his social status and dignity in the village. His friends make jokes about him and his reputation will be in stake. Many friends may not say their bad comments in front of him but behind him they will do so. He must lose his respects (somman harabe) from others,NRM_STIG_C,
NRM_STIG,NRM_STIG_C,E_M_E.29,BD6E_M,Mark has no social status and dignity in the village.,NRM_STIG_C,
NRM_STIG,NRM_STIG_C,E_M_E.29,ET1E_M,he is a kind of foolish and unwise person,NRM_STIG_C,
NRM_STIG,NRM_STIG_C,E_M_E.29,ET1E_M,label him as lazy one and is a woman who cant decide over his life.,NRM_STIG_C,
NRM_STIG,NRM_STIG_C,E_M_E.29,ET1E_M,he is like a property not a man.,NRM_STIG_C,
NRM_STIG,NRM_STIG_C,E_M_E.29,ET2E_M,he was hypnotized by her,NRM_STIG_C,
NRM_STIG,NRM_STIG_C,E_M_E.29,ET2E_M,overpowered by a woman; chores are womans job,NRM_STIG_C,
NRM_STIG,NRM_STIG_C,E_M_E.29,ET4E_M,they will call him women,NRM_STIG_C,
NRM_STIG,NRM_STIG_C,E_M_E.29,ET4E_M,they will ask him how long are you going to stay at home?,NRM_STIG_C,
NRM_STIG,NRM_STIG_C,E_M_E.29,ET4E_M,they would call him the man who stays in the kitchen,NRM_STIG_C,
NRM_STIG,NRM_STIG_C,E_M_E.29,ET4E_M,they say he thinks like a woman does,NRM_STIG_C,
NRM_STIG,NRM_STIG_C,E_M_E.29,IN1E_M,People will call him mad for sitting at home and making his wife work,NRM_STIG_C,
NRM_STIG,NRM_STIG_C,E_M_E.29,IN1E_M,His friends will call him all sorts of bad name,NRM_STIG_C,
NRM_STIG,NRM_STIG_C,E_M_E.29,IN1E_M,His friends will ridicule him and laugh at him,NRM_STIG_C,
NRM_STIG,NRM_STIG_C,E_M_E.29,IN1E_M,All elders of the community will also scold him for breaking norms and forcing his wife to work,NRM_STIG_C,
NRM_STIG,NRM_STIG_C,E_M_E.29,IN3E_M,People may not say anything on his face but will definitely talk behind his back,NRM_STIG_C,
NRM_STIG,NRM_STIG_C,E_M_E.29,IN3E_M,People will say that his wife doesnt respect him and doesnt listen to him and goes out to work,NRM_STIG_C,
NRM_STIG,NRM_STIG_C,E_M_E.29,IN3E_M,People will call him kaamchor (one who shies from work),NRM_STIG_C,
NRM_STIG,NRM_STIG_C,E_M_E.29,IN4E_M,People will tell him that he will now be controlled by his wife since she is the family breadwinner,NRM_STIG_C,
NRM_STIG,NRM_STIG_C,E_M_E.29,IN7E_M,He will have no reputation,NRM_STIG_C,
NRM_STIG,NRM_STIG_C,E_M_E.29,IN7E_M,No one in the community will respect him,NRM_STIG_C,
NRM_STIG,NRM_STIG_C,E_M_E.29,IN7E_M,His friends will stay away from him,NRM_STIG_C,
NRM_STIG,NRM_STIG_C,E_M_E.29,IN9E_M,People may say he is lying doped at home all day long while his wife struggles to keep the cooking fire burning,NRM_STIG_C,
NRM_STIG,NRM_STIG_C,E_M_E.29,PK2E_M,"Mark will not be accepted by the community and would be considered bad in terms of going against the culture, letting his wife doing his work and he working for her",NRM_STIG_C,
NRM_STIG,NRM_STIG_C,E_M_E.30,BD3E_M,"Mark will be delighted as she is successful in her initiative. We think Mark is surely a lazy husband. So, his reaction will be a positive one to her initiatives.",NRM_STIG_C,
NRM_STIG,NRM_STIG_C,E_M_E.30,BD6E_M,In the beginning Mark will be happy but with his friends bitter comment he will be sad later.,NRM_STIG_C,
NRM_STIG,NRM_STIG_C,E_M_E.30,BD6E_M,if he is a man then he supposes to be sorrow,NRM_STIG_C,
NRM_STIG,NRM_STIG_C,E_M_E.30,ET2E_M,she is controlling him and household,NRM_STIG_C,
NRM_STIG,NRM_STIG_C,E_M_E.30,ET2E_M,group laughed: happy when wife brings money?,NRM_STIG_C,
NRM_STIG,NRM_STIG_C,E_M_E.30,IN3E_M,If your wife is earning more than you then people will make fun of you,NRM_STIG_C,
NRM_STIG,NRM_STIG_C,E_M_E.30,IN3E_M,He will be jealous of her,NRM_STIG_C,
NRM_STIG,NRM_STIG_C,E_M_E.30,PK7E_M,people will say that he is living on his wifes earning,NRM_STIG_C,
NRM_STIG,NRM_STIG_C,E_M_E.30,PK7E_M,In our village such a man who lives on his wifes earning is considered an unworthy person.,NRM_STIG_C,
NRM_STIG,NRM_STIG_C,E_M_E.30,PK7E_M,He will be called a hen- pet by the people.,NRM_STIG_C,
NRM_STIG,NRM_STIG_C,E_M_E.33,BD3E_M,There are social hindrances on womens movement in public places. People will tease and make fun of her work. That will reduce her social dignity as well,NRM_STIG_C,
NRM_STIG,NRM_STIG_C,E_M_E.33,BD6E_M,People will tease and make fun of her work. That will reduce her social dignity as well,NRM_STIG_C,
NRM_STIG,NRM_STIG_C,E_M_E.33,IN3E_M,Women dont go to sell because society looks down upon such women,NRM_STIG_C,
NRM_STIG,NRM_STIG_C,E_M_E.40,BD3E_M,"There will be problems socially. She could be teased, harassed by men in the market. 
This is not possible for woman here",NRM_STIG_C,
NRM_STIG,NRM_STIG_C,E_M_E.40,ET1E_M,reach home early to be safe from rape and violence from her husband.,NRM_STIG_C,
NRM_STIG,NRM_STIG_C,E_M_E.40,PK7E_M,woman is not considered pious if she does so,NRM_STIG_C,
NRM_STIG,NRM_STIG_C,E_M_E.40,PK7E_M,the woman who does this is not considered a good woman.,NRM_STIG_C,
NRM_STIG,NRM_STIG_C,E_F_E.15,BD6E_F,women do not go to field to work because in that case people will say that she is a bad woman. No man wants people to tell that his wife is a bad woman,NRM_STIG_C,
NRM_STIG,NRM_STIG_C,E_F_E.30,BD6E_F,"if [female spouse] achieves great success,  [male spouse] will feel good because  [male spouse] is getting money and the household is improving. But when people says bad words, he will not feel good.",NRM_STIG_C,
NRM_STIG,NRM_STIG_C,E_F_E.30,ET1E_F,"if his wife focus only on  her work and stop giving him children, that would be the beginning of the end.",NRM_STIG_C,
NRM_STIG,NRM_STIG_C,E_F_E.30,ET1E_F,"the husband will get more wives but to stop him, the wife keeps on giving birth, and will therefore not be as successful.",NRM_STIG_C,
NRM_STIG,NRM_STIG_C,E_F_E.30,ET1E_F,"his family would tell him, that she is getting more than what he does. And she will soon start treating him like a slave",NRM_STIG_C,
NRM_STIG,NRM_STIG_C,E_F_E.30,ET2E_F,he will feel inferior to her and act like a man.,NRM_STIG_C,
NRM_STIG,NRM_STIG_C,E_F_E.30,ET4E_F,his friends may advice him that her income increases and your income is not because you are staying at home and he may be influenced and argue with her,NRM_STIG_C,
NRM_STIG,NRM_STIG_C,E_F_E.38,BD6E_F,there is also the fear that people will say negative words about the woman.,NRM_STIG_C,
NRM_STIG,NRM_STIG_C,E_F_E.38,ET1E_F,"If she get robbed or raped, there is no one who would understand her, she will be blamed for going out or dressing up",NRM_STIG_C,
NRM_STIG,NRM_STIG_C,E_F_E.38,ET2E_F,She can walk freely to the market but walking around is a taboo.,NRM_STIG_C,
NRM_STIG,NRM_STIG_C,E_F_E.38,IN4E_F,Tongues start wagging if a young girl is seen roaming around alone,NRM_STIG_C,
NRM_STIG,NRM_STIG_C,E_F_E.38,IN4E_F,"Yes, people think she is looking for some fun",NRM_STIG_C,
NRM_STIG,NRM_STIG_C,E_F_E.38,IN9E_F,If my neighbors saw me going out alone they would immediately comment that I was being so brash to do such a thing,NRM_STIG_C,
NRM_STIG,NRM_STIG_C,E_F_E.40,BD6E_F,woman cannot sell things easily in the local market because people do not see this positively and criticize the woman doing so. They say that she has become a bad woman. And it creates bad reputation for the family.,NRM_STIG_C,
NRM_STIG,NRM_STIG_C,E_F_E.40,IN1E_F,People will bitch about her if she goes to the market,NRM_STIG_C,
NRM_STIG,NRM_STIG_C,E_F_E.40,IN1E_F,People in our community still think women should stay under veils,NRM_STIG_C,
NRM_STIG,NRM_STIG_C,E_F_E.40,IN4E_F,She might get robbed,NRM_STIG_C,
NRM_STIG,NRM_STIG_C,E_F_E.40,PK2E_F,Here women working in market place consider bad character women,NRM_STIG_C,
NRM_STIG,NRM_STIG_C,E_F_E.40,PK2E_F,Everybody will raise finger towards her character,NRM_STIG_C,
NRM_STIG,NRM_STIG_C,E_F_E.42,BD6E_F,"People think that girls are taken abroad and are employed as sex workers. So, they do not let them go to the other countries.",NRM_STIG_C,
NRM_STIG,NRM_STIG_C,E_F_E.42,ET1E_F,she is sure to break her relationship with them and never get back home,NRM_STIG_C,
NRM_STIG,NRM_STIG_C,E_M_E.41,BD6E_M,The young women face various problems if they move alone in the local e.g. eveteasing and other bad remarks,NRM_STIG_C,
NRM_STIG,NRM_STIG_C,E_M_E.41,ET2E_M,married women fear in-laws will see and talk ill,NRM_STIG_C,
NRM_STIG,NRM_STIG_C,E_F_E.27,ET1E_F,"Even if he told her to sit, she will never because, she knows that he will call her lazy tomorrow, so she will not accept his invitation.",NRM_STIG_C,
NRM_STIG,NRM_STIG_C,E_F_E.34,ET1E_F,he may even be angry and say what else did your sister show you? Why do not she mind her own business? What is her agenda?,NRM_STIG_C,
NRM_STIG,NRM_STIG_C,E_F_E.34,ET2E_F,She will be afraid if she fails He can beat her.,NRM_STIG_C,
NRM_STIG,NRM_STIG_C,E_F_E.37,ET1E_F,if a woman takes her husband to court that is considered a very bad thing. She may even be out casted.,NRM_STIG_C,
NRM_STIG,NRM_STIG_C,E_F_E.37,ET1E_F,"he may say yes, but he will go and finish the money with chat or will bring another wife because this one has started to disobey him.",NRM_STIG_C,
NRM_STIG,NRM_STIG_C,E_F_E.45,ET1E_F,"This time, He has to send to her family and his own family elders who begs for forgiveness and they will come back in the village.",NRM_STIG_C,
NRM_STIG,NRM_STIG_C,E_F_E.50,ET1E_F,She will be considered unable to have a child and will cost her the marriage.,NRM_STIG_C,
NRM_STIG,NRM_STIG_C,E_F_E.50,ET1E_F,"immediately she stops getting more children, the man is going to marry another women because she is no longer giving him children.",NRM_STIG_C,
NRM_STIG,NRM_STIG_C,E_F_E.50,ET1E_F,"let alone postponing her time to give birth, if she is only giving girls he will continue to marry another woman until he gets plenty of boys.",NRM_STIG_C,
NRM_STIG,NRM_STIG_C,E_F_E.50,ET2E_F,if they stops there is violence or he gets married to another one.,NRM_STIG_C,
NRM_STIG,NRM_STIG_C,E_F_E.50,ET2E_F,Some men even threaten the women if she doesnt give him more children he will leave her.,NRM_STIG_C,
NRM_STIG,NRM_STIG_C,E_M_E.20,ET1E_M,How come a man milking and sell butter at the local market. Its not a tradition for a man to sell these items as buyers are also women.,NRM_STIG_C,
NRM_STIG,NRM_STIG_C,E_M_E.20,ET2E_M,taboo for men to sell vegetables,NRM_STIG_C,
NRM_STIG,NRM_STIG_C,E_M_E.26,ET1E_M,he would say what a surprising thing you learned?,NRM_STIG_C,
NRM_STIG,NRM_STIG_C,E_M_E.26,IN9E_M,How can he allow her to sell; she will be the only woman in a place full of men and everyone will make fun of her,NRM_STIG_C,
NRM_STIG,NRM_STIG_C,E_M_E.27,ET1E_M,if she doesnt accept what he is saying he will beat her.,NRM_STIG_C,
NRM_STIG,NRM_STIG_C,E_M_E.27,NP1E_M,he might dominate her because of his nature,NRM_STIG_C,
NRM_STIG,NRM_STIG_C,E_M_E.36,ET1E_M,she would not spend the money without telling him because it causes conflict among them and may lead to physical violence.,NRM_STIG_C,
NRM_STIG,NRM_STIG_C,E_M_E.36,ET2E_M,acting without approval may cause fight,NRM_STIG_C,
NRM_STIG,NRM_STIG_C,E_M_E.36,IN4E_M,Such are the norms and traditions of our society,NRM_STIG_C,
NRM_STIG,NRM_STIG_C,E_M_E.36,IN7E_M,He will fight with her and make her life very difficult,NRM_STIG_C,
NRM_STIG,NRM_STIG_C,E_M_E.36,IN7E_M,she may just let him buy the motorbike,NRM_STIG_C,
NRM_STIG,NRM_STIG_C,E_M_E.37,ET1E_M,they could fight that she keeps raising the issue and would separate,NRM_STIG_C,
NRM_STIG,NRM_STIG_C,E_M_E.37,ET2E_M,he may bring neighbors or marry another wife,NRM_STIG_C,
NRM_STIG,NRM_STIG_C,E_M_E.38,ET1E_M,women dont usually travel alone scared of rape,NRM_STIG_C,
NRM_STIG,NRM_STIG_C,E_M_E.38,ET1E_M,"its not positively perceived by the community if a woman travels alone (labeled as mentally unstable),",NRM_STIG_C,
NRM_STIG,NRM_STIG_C,E_M_E.39,ET1E_M,she would not be positively seen by the community,NRM_STIG_C,
NRM_STIG,NRM_STIG_C,E_M_E.39,IN3E_M,It will tarnish the image of her husband and family in the village,NRM_STIG_C,
NRM_STIG,NRM_STIG_C,E_M_E.39,IN3E_M,People will start questioning the family,NRM_STIG_C,
NRM_STIG,NRM_STIG_C,E_M_E.49,ET1E_M,woman has to give birth at the early of her twentys because those children from older women (above 22) will be mentally unstable.,NRM_STIG_C,
NRM_STIG,NRM_STIG_C,E_F_E.6,ET2E_F,they said she is a shame for them and not accept her.,NRM_STIG_C,
NRM_STIG,NRM_STIG_C,E_F_E.6,ET2E_F,you will be like her if I send you to school.,NRM_STIG_C,
NRM_STIG,NRM_STIG_C,E_F_E.6,ET2E_F,Boys tricked the girls but it is always the girl to be blamed.,NRM_STIG_C,
NRM_STIG,NRM_STIG_C,E_F_E.9,ET2E_F,tricked by elder men becoming second or third wife.,NRM_STIG_C,
NRM_STIG,NRM_STIG_C,E_F_E.23,ET2E_F,Men are not selling small amount of vegetable in the market it is a shame.,NRM_STIG_C,
NRM_STIG,NRM_STIG_C,E_F_E.25,ET2E_F,if she refused him and join the group for sure he will throw her out and marry another one.,NRM_STIG_C,
NRM_STIG,NRM_STIG_C,E_F_E.25,IN4E_F,"No, he will not like the idea of her associating with any organization",NRM_STIG_C,
NRM_STIG,NRM_STIG_C,E_F_E.25,IN7E_F,He will not let her join any such group,NRM_STIG_C,
NRM_STIG,NRM_STIG_C,E_F_E.25,IN7E_F,He will fear that she may become corrupt,NRM_STIG_C,
NRM_STIG,NRM_STIG_C,E_F_E.31,ET2E_F,if a woman is talking in a meeting she is considered talkative and if it is a man he is considered wise.,NRM_STIG_C,
NRM_STIG,NRM_STIG_C,E_F_E.36,ET2E_F,at the end this all will be the source of violence and even killing.,NRM_STIG_C,
NRM_STIG,NRM_STIG_C,E_F_E.36,IN7E_F,She may be scared that he would dump her,NRM_STIG_C,
NRM_STIG,NRM_STIG_C,E_F_E.44,ET2E_F,easy for the men to get young girls in school and trick them then eloping become co-wife.,NRM_STIG_C,
NRM_STIG,NRM_STIG_C,E_F_E.44,IN4E_F,Love marriages are taboo,NRM_STIG_C,
NRM_STIG,NRM_STIG_C,E_F_E.49,ET2E_F,if not the husband start looking for other option or get married again.,NRM_STIG_C,
NRM_STIG,NRM_STIG_C,E_M_E.25,ET2E_M,break your leg if you join them,NRM_STIG_C,
NRM_STIG,NRM_STIG_C,E_M_E.43,ET2E_M,menial jobs have negative effect on return,NRM_STIG_C,
NRM_STIG,NRM_STIG_C,E_M_E.43,ET2E_M,many return empty-handed and not accepted,NRM_STIG_C,
NRM_STIG,NRM_STIG_C,E_M_E.43,ET2E_M,"if not changed positively, people uncomfortable",NRM_STIG_C,
NRM_STIG,NRM_STIG_C,E_M_E.43,IN3E_M,People will say that he wasnt able to find work etc and that he will never succeed in life,NRM_STIG_C,
NRM_STIG,NRM_STIG_C,E_M_E.43,IN3E_M,People will call him good for nothing,NRM_STIG_C,
NRM_STIG,NRM_STIG_C,E_M_E.43,IN7E_M,Some people may remark that he is a worthless fellow and may mock him,NRM_STIG_C,
NRM_STIG,NRM_STIG_C,E_M_E.43,IN7E_M,Some will make fun of him if he comes back empty handed,NRM_STIG_C,
NRM_STIG,NRM_STIG_C,E_M_E.43,UZ3E_M,These types of girls are not respected in our village,NRM_STIG_C,
NRM_STIG,NRM_STIG_C,E_M_E.50,ET2E_M,if he disagrees he may marry another,NRM_STIG_C,
NRM_STIG,NRM_STIG_C,E_M_E.50,IN7E_M,They feel shy in giving their opinion on such matters,NRM_STIG_C,
NRM_STIG,NRM_STIG_C,E_F_E.32,ET4E_F,"there is stealing and selling among them, he may steal small amount from the production for having some beer in the bar and she steals for additional consumption. The wife is usually accused of being a thief to feed her husband but she uses the money to feed her family",NRM_STIG_C,
NRM_STIG,NRM_STIG_C,E_F_E.51,IN1E_F,Parents impose restrictions because unki much neechi nahi honi chahiye i.e. their reputation/prestige should not be hurt,NRM_STIG_C,
NRM_STIG,NRM_STIG_C,E_M_E.2,IN3E_M,There are some who earn money but give it to their guardian. The decision is always taken by the guardians,NRM_STIG_C,
NRM_STIG,NRM_STIG_C,E_M_E.45,IN3E_M,There are 2-3 couples who have eloped and married and never returned here,NRM_STIG_C,
NRM_STIG,NRM_STIG_C,E_M_E.45,IN3E_M,"[if they elope] their families dont accept them, fearing the lash back of the community.",NRM_STIG_C,
NRM_STIG,NRM_STIG_C,E_F_E.14,IN7E_F,People will laugh at them,NRM_STIG_C,
NRM_STIG,NRM_STIG_C,E_F_E.47,PK7E_F,When there is no child people starts taunting her,NRM_STIG_C,
NRM_STIG,NRM_STIG_C,E_F_E.48,PK7E_F,If she doesnt have a child in early years then she is not valued,NRM_STIG_C,
NRM_STIG,NRM_STIG_N,E_F_E.28,BD3E_F,"Although [female spouse]?s social respect had decreased in the village because of going in the market to sell vegetables, it really did not matter since [male spouse], her husband had accepted it. If the husband does not mind and is okay with it, it really does not matter what other?s think.",NRM_STIG_N,
NRM_STIG,NRM_STIG_N,E_F_E.28,ET4E_F,some people say that she is deviant others admire her as a hard working women,NRM_STIG_N,
NRM_STIG,NRM_STIG_N,E_F_E.28,IN9E_F,People may understand that Mary may be working to support her family,NRM_STIG_N,
NRM_STIG,NRM_STIG_N,E_F_E.28,IN9E_F,People will tell Mary to reason with her husband,NRM_STIG_N,
NRM_STIG,NRM_STIG_N,E_F_E.28,NP1E_F,people those who understand would appreciate her but people who do not understand would oppose her,NRM_STIG_N,
NRM_STIG,NRM_STIG_N,E_F_E.28,PK7E_F,Its husband decision to allow her. If he allows then no one will challenge.,NRM_STIG_N,
NRM_STIG,NRM_STIG_N,E_F_E.28,PK7E_F,If her guardian will allow or take her with him then no one will object.,NRM_STIG_N,
NRM_STIG,NRM_STIG_N,E_F_E.29,BD3E_F,"[if his wife sells vegetables in the market] A few would also say, ?It?s their matter, why are we bothering??",NRM_STIG_N,
NRM_STIG,NRM_STIG_N,E_F_E.29,ET4E_F,"I believe his case has gone so far, yes, men are working in the kitchen. But he seems he is overdoing it",NRM_STIG_N,
NRM_STIG,NRM_STIG_N,E_F_E.29,IN1E_F,Educated people may be more accepting,NRM_STIG_N,
NRM_STIG,NRM_STIG_N,E_F_E.29,IN1E_F,People with rotten minds will think bad; there is nothing we can do about such people,NRM_STIG_N,
NRM_STIG,NRM_STIG_N,E_F_E.29,IN3E_F,People will not mind if both were working but since he is not doing anything therefore it will be difficult for people to accept him,NRM_STIG_N,
NRM_STIG,NRM_STIG_N,E_F_E.29,IN9E_F,His best friends will try to reason with him to go and earn a living and take care of family a task that is being done by his wife now,NRM_STIG_N,
NRM_STIG,NRM_STIG_N,E_F_E.29,NP1E_F,friends who do not understand him would say you should let your wife do the household work rather than going out,NRM_STIG_N,
NRM_STIG,NRM_STIG_N,E_F_E.29,PK7E_F,People will taunt [male spouse] . They will stop him that you are giving liberty to your wife and you cant control her.,NRM_STIG_N,
NRM_STIG,NRM_STIG_N,E_F_E.29,UZ3E_F,soon they will invite him to Chayhona (teahouse),NRM_STIG_N,
NRM_STIG,NRM_STIG_N,E_F_E.43,BD3E_F,"But when the village residents understand that the girl had gone [migrated for work] for any mandatory purpose, they do not say anything else.",NRM_STIG_N,
NRM_STIG,NRM_STIG_N,E_F_E.43,ET1E_F,if they were supported by the family when they go there is no problem.,NRM_STIG_N,
NRM_STIG,NRM_STIG_N,E_F_E.43,ET1E_F,"If they bring some money with them they can start small trading, or vegetable garden and the like based on agreement with their family and they will work",NRM_STIG_N,
NRM_STIG,NRM_STIG_N,E_F_E.43,ET1E_F,"Otherwise, there is no other opportunity.",NRM_STIG_N,
NRM_STIG,NRM_STIG_N,E_F_E.43,ET1E_F,There is no pressure if they have some money but if not people will never respect them.,NRM_STIG_N,
NRM_STIG,NRM_STIG_N,E_F_E.34,ET1E_F,"He first may pretend not to listen but later he will decide to give her because, it is at the end of the day money we are talking about.",NRM_STIG_N,
NRM_STIG,NRM_STIG_N,E_M_E.39,ET1E_M,"no one will touch her, because they are afraid of the consequence if they face her husband",NRM_STIG_N,
NRM_STIG,NRM_STIG_N,E_M_E.39,ET1E_M,she is free from any danger in respect of her husband,NRM_STIG_N,
NRM_STIG,NRM_STIG_N,E_M_E.43,ET1E_M,"If they manage to improve their life when they come back, they will be referenced as models by parents. If not, they often turn out ot be thieves and addicts.",NRM_STIG_N,
NRM_STIG,NRM_STIG_N,E_M_E.43,IN4E_M,What can people say? No one will return unless they have failed to find a job for whatever reason,NRM_STIG_N,
NRM_STIG,NRM_STIG_N,E_M_E.29,ET4E_M,"[starts with a proverb about it.]  Wend wede majet set wede chilot [which roughly mean man to the kitchen women to the court; to show that this was once impossible] however, these days this is something that is not surprising because women are also working outside while men are in the house. Previously, even if he comes home before she gets back home from wherever she goes, that was a big offense. Currently, many men do not mind they go and even prepare food",NRM_STIG_N,
NRM_STIG,NRM_STIG_N,E_M_E.29,IN4E_M,Community elders will try to reason with him since it is a mans responsibility to earn for his family,NRM_STIG_N,
NRM_STIG,NRM_STIG_N,E_M_E.29,IN4E_M,People will not have any problem if both husband and wife are working; but in this case there is a role reversal which goes against the norms of the society,NRM_STIG_N,
NRM_STIG,NRM_STIG_N,E_M_E.29,IN9E_M,People may not bother with him; they will scoff at him and then leave him alone,NRM_STIG_N,
NRM_STIG,NRM_STIG_N,E_M_E.28,IN1E_M,These days people allow women to work outside in service,NRM_STIG_N,
NRM_STIG,NRM_STIG_N,E_M_E.28,IN4E_M,It will depend upon the mentality of the community people,NRM_STIG_N,
NRM_STIG,NRM_STIG_N,E_M_E.28,IN4E_M,some may not like her bold step,NRM_STIG_N,
NRM_STIG,NRM_STIG_N,E_M_E.28,IN7E_M,"Her friends may mock her that unlike their husbands who work, Marys husband chooses to sit at home and enjoy",NRM_STIG_N,
NRM_STIG,NRM_STIG_N,E_M_E.28,IN7E_M,this is a bizarre case since roles have been reversed,NRM_STIG_N,
NRM_STIG,NRM_STIG_N,E_M_E.28,IN9E_M,Some women may understand her situation and will sympathize with her,NRM_STIG_N,
NRM_STIG,NRM_STIG_N,E_F_E.40,IN4E_F,She may not be able to deal with so many new people in the market,NRM_STIG_N,
NRM_STIG,NRM_STIG_N,E_M_E.25,NP1E_M,if husband is educated then he allows his wife,NRM_STIG_N,
NRM_STIG,NRM_STIG_O,E_F_E.43,BD6E_F,"If a woman comes back from her work in a city, her family and friends receive her warmly as everyone knows that she went there for her family; to redeem her family from poverty",NRM_STIG_O,
NRM_STIG,NRM_STIG_O,E_F_E.43,NP1E_F,people will not say anything and would take it easily,NRM_STIG_O,
NRM_STIG,NRM_STIG_O,E_F_E.43,NP2E_F,people would appreciate for being independent and become easier for other young women to go out,NRM_STIG_O,
NRM_STIG,NRM_STIG_O,E_F_E.43,PK7E_F,People will say she has some skills thats why she went out to do something. If she will get job then they will praise her,NRM_STIG_O,
NRM_STIG,NRM_STIG_O,E_F_E.43,PK7E_F,There are many opportunities,NRM_STIG_O,
NRM_STIG,NRM_STIG_O,E_M_E.30,ET1E_M,"if they agreed at the beginning, he will be happy with her accomplishment",NRM_STIG_O,
NRM_STIG,NRM_STIG_O,E_M_E.30,ET1E_M,he doesnt complain if she is successful even she didnt consult him at the initial stage.,NRM_STIG_O,
NRM_STIG,NRM_STIG_O,E_M_E.30,IN9E_M,Many people may then appreciate her,NRM_STIG_O,
NRM_STIG,NRM_STIG_O,E_F_E.28,ET4E_F,"A woman who works hard are actually respected she previously they may say she is a prostitute but now, it is not that much a problem because there are women who work outside and men are also working in the kitchen",NRM_STIG_O,
NRM_STIG,NRM_STIG_O,E_F_E.28,IN3E_F,She will have a good reputation irrespective of such a situation,NRM_STIG_O,
NRM_STIG,NRM_STIG_O,E_F_E.28,NP2E_F,people might appreciate [female spouse] for being hard working,NRM_STIG_O,
NRM_STIG,NRM_STIG_O,E_F_E.28,UZ3E_F,"people will respect her, its usual thing for our community",NRM_STIG_O,
NRM_STIG,NRM_STIG_O,E_F_E.29,ET4E_F,"Yes previously they would say these things. However, these days, men are cooking and cleaning, they are carrying their children, people do not lose respect for he is working in the kitchen.",NRM_STIG_O,
NRM_STIG,NRM_STIG_O,E_F_E.29,NP2E_F,some people might appreciate [male spouse] for supporting [female spouse] in her work,NRM_STIG_O,
NRM_STIG,NRM_STIG_O,E_M_E.28,ET4E_M,people like those of our village would say she is hard worker and strong person,NRM_STIG_O,
NRM_STIG,NRM_STIG_O,E_M_E.28,UZ3E_M,Normal reputation,NRM_STIG_O,
NRM_STIG,NRM_STIG_O,E_F_E.30,IN3E_F,He will be happy and cooperate with her and encourage her,NRM_STIG_O,
NRM_STIG,NRM_STIG_O,E_F_E.30,IN3E_F,He has given her permission to work and he will be glad that he took the right decision,NRM_STIG_O,
NRM_STIG,NRM_STIG_O,E_F_E.30,NP2E_F,Hari would be happy,NRM_STIG_O,
NRM_STIG,NRM_STIG_O,E_F_E.30,PK7E_F,He will say you are very good and we are getting benefits due to your work.,NRM_STIG_O,
NRM_STIG,NRM_STIG_O,E_F_E.30,PK7E_F,He will be very happy. He will feel lucky.,NRM_STIG_O,
NRM_STIG,NRM_STIG_O,E_M_E.29,IN4E_M,Marks reputation will not be affected,NRM_STIG_O,
NRM_STIG,NRM_STIG_O,E_M_E.29,IN9E_M,His friends will just leave him alone,NRM_STIG_O,
NRM_STIG,NRM_STIG_O,E_M_E.29,UZ3E_M,We think he has a normal reputation as well,NRM_STIG_O,
