indicator_id,classification_id,context_id,provenance,text_fragment,classification_id_rev
NRM_MOB,NRM_MOB_C,E_F_E.18,BD3E_F,"And the boys go to work in the fields, which the girls cannot do; because their parents or husbands do not allow them to do so. Even their parents-in-law restrict them for this; because it is a matter of reputation",
NRM_MOB,NRM_MOB_C,E_F_E.20,BD3E_F,"If a teenager girl wants to harvest and then sell the crops on her own, she cannot do it. Even if she is the owner of a land, then also she cannot produce and sell crops on her own, because her parents or her husband, neither of them would not allow her to go to the market",
NRM_MOB,NRM_MOB_C,E_F_E.20,BD6E_F,"If a woman tries to sell things that she produces, that will not be possible for her as her husband will not let her go to market",
NRM_MOB,NRM_MOB_C,E_F_E.20,BD6E_F,no girl goes to the market to sell things as it is not needed. Her husband does that for her,
NRM_MOB,NRM_MOB_C,E_F_E.20,IN4E_F,We hardly go anywhere,
NRM_MOB,NRM_MOB_C,E_F_E.20,IN7E_F,young women are not allowed to go even to the local market,
NRM_MOB,NRM_MOB_C,E_F_E.20,IN9E_F,Parents want their girls to stay indoors after school,
NRM_MOB,NRM_MOB_C,E_F_E.20,IN9E_F,So while they can help raise livestock at home they cannot go out to sell milk,
NRM_MOB,NRM_MOB_C,E_F_E.20,IN9E_F,But mostly young women are not supposed to work outside their home,
NRM_MOB,NRM_MOB_C,E_F_E.20,IN9E_F,Parents dont consider it safe for young girls to go out and do something on their own more so now when boys are drinking and doping so much,
NRM_MOB,NRM_MOB_C,E_F_E.20,PK7E_F,We cannot go to market. This is not our tradition.,
NRM_MOB,NRM_MOB_C,E_F_E.20,PK7E_F,we cannot go out to market for selling,
NRM_MOB,NRM_MOB_C,E_F_E.20,PK7E_F,We are not allowed to go to market.,
NRM_MOB,NRM_MOB_C,E_F_E.20,UZ3E_F,In some cases girls could face with some difficulties because of their age,NRM_MOB_N
NRM_MOB,NRM_MOB_C,E_F_E.38,BD3E_F,Girls of our age cannot roam around in the local market. There are a few restrictions. Their husbands and parents-in-law do not allow them in the market.,
NRM_MOB,NRM_MOB_C,E_F_E.38,BD3E_F,"After marriage, she is never at all allowed out, with any of her cousins, except her own brother. Because her husband or anyone else may suspect.",
NRM_MOB,NRM_MOB_C,E_F_E.38,BD6E_F,the family members also dont let her go there in the market lest she is dishonored.,
NRM_MOB,NRM_MOB_C,E_F_E.38,ET1E_F,she would get harassed by men on the road. She might even get raped in some instances.,
NRM_MOB,NRM_MOB_C,E_F_E.38,ET1E_F,She will not be as free as her brother. She needs to be careful.,
NRM_MOB,NRM_MOB_C,E_F_E.38,ET2E_F,if a woman has young kids she is not allowed to go to the market.,
NRM_MOB,NRM_MOB_C,E_F_E.38,ET2E_F,Women are moving from place to place if they go in a group or with men.,NRM_MOB_N
NRM_MOB,NRM_MOB_C,E_F_E.38,ET2E_F,if women walk after 6:00 Pm it is dangerous and open for violence.,NRM_MOB_N
NRM_MOB,NRM_MOB_C,E_F_E.38,IN1E_F,No women cannot go out alone,
NRM_MOB,NRM_MOB_C,E_F_E.38,IN1E_F,There are too many bad elements out there who can misbehave with them,
NRM_MOB,NRM_MOB_C,E_F_E.38,IN1E_F,Some boys have no work but to pass lewd comments and ogle at girls and parents therefore naturally fear for the safety of their daughters,
NRM_MOB,NRM_MOB_C,E_F_E.38,IN1E_F,Some girls are also scared to go outside,
NRM_MOB,NRM_MOB_C,E_F_E.38,IN1E_F,Their izzat (reputation) is at stake; girls themselves dont feel confident about going out alone,
NRM_MOB,NRM_MOB_C,E_F_E.38,IN1E_F,ek ke saath ek free mil jati hai i.e. boys think that they can feast their eyes on so many girls at the marketplace,
NRM_MOB,NRM_MOB_C,E_F_E.38,IN4E_F,No young women cannot move around freely,
NRM_MOB,NRM_MOB_C,E_F_E.38,IN4E_F,We cannot go alone to the market,
NRM_MOB,NRM_MOB_C,E_F_E.38,IN4E_F,Our safety is always a big concern,
NRM_MOB,NRM_MOB_C,E_F_E.38,IN7E_F,Girls dont go to the market,
NRM_MOB,NRM_MOB_C,E_F_E.38,IN9E_F,Girls dont roam around alone much,
NRM_MOB,NRM_MOB_C,E_F_E.38,IN9E_F,It is not easy for young women to move around alone,
NRM_MOB,NRM_MOB_C,E_F_E.38,PK2E_F,Never go alone to the market,
NRM_MOB,NRM_MOB_C,E_F_E.38,PK2E_F,To go alone to the market is not safe,
NRM_MOB,NRM_MOB_C,E_F_E.38,PK7E_F,No she will be confused. She will be scared.,
NRM_MOB,NRM_MOB_C,E_F_E.38,PK7E_F,We never go out,
NRM_MOB,NRM_MOB_C,E_F_E.39,BD3E_F,"After a girl marries, a big change is observed regarding this. Such as, before marriage, after school, a girl may visit the cosmetics store with her friend, but after marriage, going out somewhere without the husband?s permission may result in the breaking of a marriage",NRM_MOB_N
NRM_MOB,NRM_MOB_C,E_F_E.39,BD6E_F,"Before marriage, a girl can walk to get to her private tuition or to visit her friends. But after marriage, she cannot go anywhere alone.",NRM_MOB_N
NRM_MOB,NRM_MOB_C,E_F_E.39,BD6E_F,A married woman cannot walk alone around in a market.,
NRM_MOB,NRM_MOB_C,E_F_E.39,BD6E_F,"If she has to go to markets for any reason, she must be accompanied by her husband, or her father-in-law, or by her mother-in-law.",
NRM_MOB,NRM_MOB_C,E_F_E.39,ET1E_F,"yes, it is easy, she is protected because she has a husband. And if anyone touches her, that would be a big issue and a source of tension. Her husband even may kill the person who touches her.",NRM_MOB_N
NRM_MOB,NRM_MOB_C,E_F_E.39,IN4E_F,Even married women dont roam around freely,
NRM_MOB,NRM_MOB_C,E_F_E.39,IN4E_F,Her in laws and husband will not allow her to roam around alone,
NRM_MOB,NRM_MOB_C,E_F_E.39,IN4E_F,Young married women face the same restrictions as us,
NRM_MOB,NRM_MOB_C,E_F_E.39,IN7E_F,It depends upon her husband whether he allows her or not,NRM_MOB_N
NRM_MOB,NRM_MOB_C,E_F_E.39,IN9E_F,The story doesnt change much post marriage; she still has to listen to her husband and in laws,
NRM_MOB,NRM_MOB_C,E_F_E.39,IN9E_F,Before marriage a girl is under her parents thumbs while post marriage this role is taken by her husband; so things hardly change,
NRM_MOB,NRM_MOB_C,E_F_E.39,NP2E_F,because of in-laws it is difficult for married women to go out.,
NRM_MOB,NRM_MOB_C,E_F_E.39,PK2E_F,On her own going to market is risky,
NRM_MOB,NRM_MOB_C,E_F_E.39,PK2E_F,No safety and a lot of tension,
NRM_MOB,NRM_MOB_C,E_F_E.39,PK2E_F,To take any step alone will result in difficulty and embarrassment,
NRM_MOB,NRM_MOB_C,E_F_E.41,BD3E_F,"Because in our area, girls cannot go anywhere freely. Because then, both the girl?s and her family?s would be defamed.",
NRM_MOB,NRM_MOB_C,E_F_E.41,BD6E_F,"In the village, women cannot move freely alone.",
NRM_MOB,NRM_MOB_C,E_F_E.41,BD6E_F,Only the little aged teenagers can go to school or to private tuition alone but after marriage it is not possible.,
NRM_MOB,NRM_MOB_C,E_F_E.41,BD6E_F,There has to be her husband or someone else of the family with her. Women cannot move alone due to little security of them.,
NRM_MOB,NRM_MOB_C,E_F_E.41,BD6E_F,parents dont let their daughter go anywhere alone.,
NRM_MOB,NRM_MOB_C,E_F_E.41,ET1E_F,our families will not allow us to go out of the house for fear of being robed or raped.,
NRM_MOB,NRM_MOB_C,E_F_E.41,ET1E_F,"We are working with our mothers every single day for the whole day, they prefer to keep us home and help them.",
NRM_MOB,NRM_MOB_C,E_F_E.41,ET1E_F,"There are boys who would wait girls on the road and try to harass them, so our parents are afraid people will see their daughter with them.",
NRM_MOB,NRM_MOB_C,E_F_E.41,ET2E_F,Woman walking alone sometimes may get attacked by men and raped.,
NRM_MOB,NRM_MOB_C,E_F_E.41,IN1E_F,You will seldom find young single women roaming around freely in the market,
NRM_MOB,NRM_MOB_C,E_F_E.41,IN1E_F,They cannot for fear of miscreants,
NRM_MOB,NRM_MOB_C,E_F_E.41,IN1E_F,This is an absurd question because if parents dont let their daughters go alone to the marketplace then how can they let them migrate?,NRM_MOB_N
NRM_MOB,NRM_MOB_C,E_F_E.41,IN4E_F,We have already said that it is not easy for us to move around freely for safety reasons,
NRM_MOB,NRM_MOB_C,E_F_E.41,IN4E_F,This is a small village and young boys go out frequently for work and have learnt wayward ways and so our parents are always very wary for us,
NRM_MOB,NRM_MOB_C,E_F_E.41,IN9E_F,Boys are the problem and not girls; boys make it unsafe for girls to move around freely,
NRM_MOB,NRM_MOB_C,E_F_E.41,IN9E_F,Now parents fear more since an increasing number of boys are taking to drugs,
NRM_MOB,NRM_MOB_C,E_F_E.41,IN9E_F,Boys stand here and there in groups and pass obscene comments which makes it tough for girls to move around,
NRM_MOB,NRM_MOB_C,E_F_E.41,NP2E_F,because of our society it is difficult to go out,
NRM_MOB,NRM_MOB_C,E_F_E.41,PK2E_F,"No young women alone can go to common place, only old age women can visit",NRM_MOB_N
NRM_MOB,NRM_MOB_C,E_F_E.42,BD3E_F,"Going to work in the city alone would not be easy for any girl of this village.
Unmarried girls would not be allowed.",
NRM_MOB,NRM_MOB_C,E_F_E.42,BD6E_F,"If a girl gets a good job in the city and decides to go and live there, it will be hard for her to do that as her parents will not let her go easily",
NRM_MOB,NRM_MOB_C,E_F_E.42,BD6E_F,Girls of our village dont move outside XX.,
NRM_MOB,NRM_MOB_C,E_F_E.42,IN1E_F,The outside world is so bad primarily because of the bad boys who dont spare the girls,
NRM_MOB,NRM_MOB_C,E_F_E.42,IN4E_F,It is very difficult for a young woman to think of migrating before marriage,
NRM_MOB,NRM_MOB_C,E_F_E.42,IN7E_F,"No, girls cannot go outside the village",
NRM_MOB,NRM_MOB_C,E_F_E.42,IN9E_F,Most young men want to work in a city but young women will not be allowed,
NRM_MOB,NRM_MOB_C,E_F_E.42,IN9E_F,Young women cannot migrate for work,
NRM_MOB,NRM_MOB_C,E_F_E.42,IN9E_F,Young women dont have much freedom since society has many evil elements,
NRM_MOB,NRM_MOB_C,E_F_E.42,NP1E_F,easier for boys,
NRM_MOB,NRM_MOB_C,E_F_E.42,NP2E_F,for unmarried girls it would be difficult to go and work in other city,
NRM_MOB,NRM_MOB_C,E_F_E.42,PK2E_F,No it is not possible for women. She will go or migrate with her family,
NRM_MOB,NRM_MOB_C,E_F_E.42,UZ3E_F,"no, girls are not migrating",
NRM_MOB,NRM_MOB_C,E_M_E.19,BD3E_M,women can grow vegetables in kitchen garden but she cannot sell herself those products in local market. This is still not possible for her. If there is no man in the household then someone from neighboring family can help her,
NRM_MOB,NRM_MOB_C,E_M_E.19,BD3E_M,"many people will criticize behind her back and she may lose her social dignity and respect in front of society if she freely moves in the field and public places. Moreover, there might be embargos from own family and lineage.",
NRM_MOB,NRM_MOB_C,E_M_E.19,IN4E_M,It will be extremely difficult and they (young women) will not want to do such a thing themselves,
NRM_MOB,NRM_MOB_C,E_M_E.19,IN9E_M,Parents will forbid her from doing so,
NRM_MOB,NRM_MOB_C,E_M_E.19,IN9E_M,There are some things which are social taboos for women such as selling at the marketplace,
NRM_MOB,NRM_MOB_C,E_M_E.19,PK7E_M,Most often males go to market. But a female cannot do this,
NRM_MOB,NRM_MOB_C,E_M_E.19,PK7E_M,Our society does not permit female to go to market.,
NRM_MOB,NRM_MOB_C,E_M_E.26,BD3E_M,Adam will tell Ana that he may go to market for selling vegetables but he will not allow her going to market.,
NRM_MOB,NRM_MOB_C,E_M_E.26,BD6E_M,[male spouse] will tell [female spouse] that he may go to market for selling vegetables but he will not allow her going to market for selling her products.,
NRM_MOB,NRM_MOB_C,E_M_E.26,IN1E_M,Husband will not let her go anywhere near the marketplace; other men will gawk at her which he cannot allow,
NRM_MOB,NRM_MOB_C,E_M_E.26,IN9E_M,How can he allow her to sell; she will be the only woman in a place full of men and everyone will make fun of her,
NRM_MOB,NRM_MOB_C,E_M_E.26,NP1E_M,he will say you are not able to deal in the market so I will go,
NRM_MOB,NRM_MOB_C,E_M_E.26,PK7E_M,"A woman who lives alone, she will have to seek help from someone. She will not be able to go alone.",
NRM_MOB,NRM_MOB_C,E_M_E.33,BD3E_M,The vegetable must be sold by David it is not possible for Diana. Man can go to market but women are not allowed to go to market and sell products here,
NRM_MOB,NRM_MOB_C,E_M_E.33,BD3E_M,There are social hindrances on womens movement in public places. People will tease and make fun of her work. That will reduce her social dignity as well,
NRM_MOB,NRM_MOB_C,E_M_E.33,BD3E_M,"Womens freedom of movement in rural area is an important conditions that limiting to go to market. For this reason, Diana herself could not sell her vegetable in the local market",
NRM_MOB,NRM_MOB_C,E_M_E.33,BD6E_M,Man can go to market but women are not allowed to go to market and sell products here.,
NRM_MOB,NRM_MOB_C,E_M_E.33,IN4E_M,David will have to go since the market is too far and women cannot go by themselves,
NRM_MOB,NRM_MOB_C,E_M_E.33,IN4E_M,It is not possible for women to go to the market since there is no transport,
NRM_MOB,NRM_MOB_C,E_M_E.38,BD3E_M,Young women cannot move alone here because there are social restrictions and respected families do not allow their daughters free movement as well,
NRM_MOB,NRM_MOB_C,E_M_E.38,BD6E_M,The young and older women cannot walk to the local market alone. The young women may go to school and college only.,NRM_MOB_N
NRM_MOB,NRM_MOB_C,E_M_E.38,BD6E_M,"""Eve teasing is common problem which has to face if a girl moves freely in the local market.",
NRM_MOB,NRM_MOB_C,E_M_E.38,BD6E_M,there are different types of problems and danger for young girls when they move alone in the local market.,
NRM_MOB,NRM_MOB_C,E_M_E.38,BD6E_M,For social restrictions the respected families do not allow their daughters movement in the public places.,
NRM_MOB,NRM_MOB_C,E_M_E.38,ET1E_M,not the tradition that women travel alone,
NRM_MOB,NRM_MOB_C,E_M_E.38,ET1E_M,their parents would not allow them to go out by themselves,
NRM_MOB,NRM_MOB_C,E_M_E.38,ET1E_M,their husband dont allow them to walk alone,
NRM_MOB,NRM_MOB_C,E_M_E.38,ET1E_M,abducted if they travel unaccompanied,
NRM_MOB,NRM_MOB_C,E_M_E.38,IN1E_M,Some parents may not allow for safety reasons,
NRM_MOB,NRM_MOB_C,E_M_E.38,IN3E_M,These are not safe times for girls to roam around alone since some boys are just hopeless and will pass comments and when the girl will come home and tell her family then it will lead to a lot of unnecessary tension,
NRM_MOB,NRM_MOB_C,E_M_E.38,IN3E_M,it is best if they did not go out alone,
NRM_MOB,NRM_MOB_C,E_M_E.38,PK2E_M,"No, in village it cannot be possible for women to go to market and buy or sale something, or any work in which she has to go outside, its against our culture",
NRM_MOB,NRM_MOB_C,E_M_E.38,PK7E_M,No a young woman cannot do this at all.,
NRM_MOB,NRM_MOB_C,E_M_E.38,PK7E_M,"there are many types of persons in the society: scoundrel, thieves, robbers are found in each society. In such condition a female can never feel herself safe.",
NRM_MOB,NRM_MOB_C,E_M_E.39,BD3E_M,A young woman is supervised by natal families before her marriage and those responsibilities shifted to husband and his family after marriage. Later she has to depend on her husbands decision,
NRM_MOB,NRM_MOB_C,E_M_E.39,BD3E_M,It is not possible for a married young women move alone. She has to go to market with her husband. She must accompany someone in absence of husband.,
NRM_MOB,NRM_MOB_C,E_M_E.39,BD6E_M,"After marriage, husband may take his wife in the local market during the festival.",
NRM_MOB,NRM_MOB_C,E_M_E.39,BD6E_M,It is not possible for a married young women move alone even after marriage. She must accompany someone in absence of husband.,
NRM_MOB,NRM_MOB_C,E_M_E.39,ET1E_M,As married or not have to stay at home.,
NRM_MOB,NRM_MOB_C,E_M_E.39,IN1E_M,Young married women do not go because of prevailing social norms and values,
NRM_MOB,NRM_MOB_C,E_M_E.39,IN3E_M,No newly wedded woman dont go out alone,
NRM_MOB,NRM_MOB_C,E_M_E.39,IN3E_M,It is not acceptable in our society,
NRM_MOB,NRM_MOB_C,E_M_E.39,IN4E_M,"No, she cannot go alone to the market",
NRM_MOB,NRM_MOB_C,E_M_E.39,IN4E_M,She needs to be accompanied by her husband or some other family member,
NRM_MOB,NRM_MOB_C,E_M_E.39,IN4E_M,Our social customs dont permit young married women to go alone to the market,
NRM_MOB,NRM_MOB_C,E_M_E.39,IN9E_M,Young married women go to the market only with their husbands,
NRM_MOB,NRM_MOB_C,E_M_E.39,IN9E_M,Their in laws and husbands will not let them go alone,
NRM_MOB,NRM_MOB_C,E_M_E.39,IN9E_M,That is a long practiced culture in our village which keeps newly married women under veils,
NRM_MOB,NRM_MOB_C,E_M_E.39,NP2E_M,it is difficult in a joint family,
NRM_MOB,NRM_MOB_C,E_M_E.39,PK2E_M,"No, it is not possible here that a married woman go outside home. She works at home. It is not considered good at all that a woman goes alone to market",
NRM_MOB,NRM_MOB_C,E_M_E.39,PK7E_M,sometimes shopkeepers deal in such a way that she does not feel herself safe.,
NRM_MOB,NRM_MOB_C,E_M_E.39,PK7E_M,She cannot walk around on her own to the market. She can go with her son,
NRM_MOB,NRM_MOB_C,E_M_E.39,PK7E_M,a young woman either married or unmarried cannot go to  market alone,
NRM_MOB,NRM_MOB_C,E_M_E.40,BD3E_M,A woman cant move alone to the local market,
NRM_MOB,NRM_MOB_C,E_M_E.40,BD3E_M,"There will be problems socially. She could be teased, harassed by men in the market. 
This is not possible for woman here",
NRM_MOB,NRM_MOB_C,E_M_E.40,BD6E_M,A woman cant move alone to the local market. This will spoil her seclusion (porda noshto hobe),
NRM_MOB,NRM_MOB_C,E_M_E.40,IN1E_M,We dont allow women to go to the market,
NRM_MOB,NRM_MOB_C,E_M_E.40,IN4E_M,It will be hard for a woman to sell in the local market since it is dominated by men,
NRM_MOB,NRM_MOB_C,E_M_E.40,IN4E_M,It is not safe for women to sell in the market,
NRM_MOB,NRM_MOB_C,E_M_E.40,IN9E_M,No woman sells in the market; only men trade in the market; if a woman went to the marketplace then everyone would just stop to stare at her making her feel very uncomfortable and she would have to return home; so there is no point in a woman trying to sell at the marketplace,
NRM_MOB,NRM_MOB_C,E_M_E.40,IN9E_M,There is a lot of rowdiness and abusive language used at the marketplace and women will themselves feel out of place in such an environment,
NRM_MOB,NRM_MOB_C,E_M_E.40,IN9E_M,Her family will never allow her to do any such thing,
NRM_MOB,NRM_MOB_C,E_M_E.40,IN9E_M,Women dont sell at the local market,
NRM_MOB,NRM_MOB_C,E_M_E.40,PK2E_M,"First, it is impossible for a woman to go to the market for selling anything.",
NRM_MOB,NRM_MOB_C,E_M_E.40,PK7E_M,she does not feel herself safe then why she would do this.,
NRM_MOB,NRM_MOB_C,E_M_E.41,BD3E_M,Most women cannot move freely here,
NRM_MOB,NRM_MOB_C,E_M_E.41,BD6E_M,Young women alone can move to their school and college here only. And at other purposes they cannot move alone freely here,
NRM_MOB,NRM_MOB_C,E_M_E.41,BD6E_M,Family does not allow their daughters movement alone.,
NRM_MOB,NRM_MOB_C,E_M_E.41,ET1E_M,there is obstacle on the traditional view of women in the area,
NRM_MOB,NRM_MOB_C,E_M_E.41,ET1E_M,only 3 women can move freely out of ten.,
NRM_MOB,NRM_MOB_C,E_M_E.41,ET1E_M,there is tension among women so they are not moving freely.,
NRM_MOB,NRM_MOB_C,E_M_E.41,ET2E_M,some women have family restriction not to go alone,
NRM_MOB,NRM_MOB_C,E_M_E.41,IN9E_M,The only long followed practiced handed down by generations is to keep newly married women under veils and indoors,
NRM_MOB,NRM_MOB_C,E_F_E.15,BD6E_F,because women cannot go to fields to work.,
NRM_MOB,NRM_MOB_C,E_F_E.15,ET1E_F,"we are not mobile enough, there is no way I can decide now and go to town without asking for permission.",NRM_MOB_N
NRM_MOB,NRM_MOB_C,E_F_E.15,ET1E_F,We do not travel to the town as we want.,
NRM_MOB,NRM_MOB_C,E_F_E.15,IN4E_F,Men move around a lot and they go to XX and other places and they learn. Even boys go. Our movement is restricted between home and school and so we are constrained,
NRM_MOB,NRM_MOB_C,E_F_E.15,UZ3E_F,parents more checking on girls than boys and require to be the girls to be closer to their house,
NRM_MOB,NRM_MOB_C,E_F_E.25,BD6E_F,"If [female spouse] wants to join a local organization of women, who produces vegetables like her, we do not think [male spouse] will let her go because he thinks that [female spouse's] work is at home and she does not need to go out of home.",
NRM_MOB,NRM_MOB_C,E_F_E.25,ET1E_F,he never wants her to leave the house. He never allows her to go anywhere.,
NRM_MOB,NRM_MOB_C,E_F_E.25,IN4E_F,He will not let her join,
NRM_MOB,NRM_MOB_C,E_F_E.25,NP1E_F,Ram Bahadur might not allow Laxmi to join a local group of women grow vegetables,
NRM_MOB,NRM_MOB_C,E_F_E.25,PK2E_F,R.1: will never allow her,
NRM_MOB,NRM_MOB_C,E_F_E.25,PK2E_F,R.5: our family gents will never allow so easily joining any group,
NRM_MOB,NRM_MOB_C,E_F_E.25,PK2E_F,R.4: Our custom and tradition is in converse,
NRM_MOB,NRM_MOB_C,E_F_E.25,PK2E_F,R.6: How it possible in male dominated market. It is not possible,
NRM_MOB,NRM_MOB_C,E_F_E.25,UZ3E_F,he will not give permission to Gulya,
NRM_MOB,NRM_MOB_C,E_F_E.26,BD6E_F,"If [female spouse] mentions selling the vegetables by herself, [male spouse] will oppose her. And he will not let her go.",
NRM_MOB,NRM_MOB_C,E_F_E.26,ET1E_F,"it is possible for her to sale, but he does not want her to go out of the house.",
NRM_MOB,NRM_MOB_C,E_F_E.26,ET4E_F,his response will be no and would say to her what do you see outside that inspires you to go out,
NRM_MOB,NRM_MOB_C,E_F_E.26,IN4E_F,He will not let her go for fear that she may end up making losses,
NRM_MOB,NRM_MOB_C,E_F_E.26,IN7E_F,He will not let her sell vegetables,
NRM_MOB,NRM_MOB_C,E_F_E.26,IN9E_F,He will never let her sell; xx (market) is not a place for good women (all respondents agreed on this),
NRM_MOB,NRM_MOB_C,E_F_E.26,NP1E_F,Ram Bahadur will not allow laxmi to sell her vegetables herself,
NRM_MOB,NRM_MOB_C,E_F_E.26,PK7E_F,He will not allow her. Its against our traditions that women will go to market.,
NRM_MOB,NRM_MOB_C,E_F_E.26,UZ3E_F,he will not give permission to Gulya,
NRM_MOB,NRM_MOB_C,E_F_E.28,BD6E_F,People think that women should live at home. They should not come to markets to sell things.,
NRM_MOB,NRM_MOB_C,E_F_E.33,BD6E_F,It is likely that [male spouse] will sell the vegetable as [female spouse] cannot go to the market. [male spouse] will not let her go.,
NRM_MOB,NRM_MOB_C,E_F_E.33,BD6E_F,"If [female spouse] wants to go, there will be quarrels. So, [female spouse] will rather want [male spouse] to sell the vegetable.",
NRM_MOB,NRM_MOB_C,E_F_E.33,IN1E_F,The society rules dont allow women to go to the market,
NRM_MOB,NRM_MOB_C,E_M_E.27,BD6E_M,we are not allowing women in the field and never accept them to go the fields.,
NRM_MOB,NRM_MOB_C,E_M_E.27,BD6E_M,[male spouse] would not allow her to go to field for work,
NRM_MOB,NRM_MOB_C,E_F_E.40,ET1E_F,"if she is married it is easier, if not, it is better if she is accompanied by her mother or brother.",
NRM_MOB,NRM_MOB_C,E_F_E.40,ET2E_F,it is not always safe there is also abduction and rape.,
NRM_MOB,NRM_MOB_C,E_F_E.40,IN1E_F,"It is very hard for a woman to sell in the market; It is difficult to even think about it
	She cannot go to the market but she can sell at individual homes and shops",
NRM_MOB,NRM_MOB_C,E_F_E.40,IN4E_F,Very hard,
NRM_MOB,NRM_MOB_C,E_F_E.40,IN4E_F,She cannot go alone,
NRM_MOB,NRM_MOB_C,E_F_E.40,IN7E_F,It will be tough since that is also a male dominated place,
NRM_MOB,NRM_MOB_C,E_F_E.2,ET2E_F,my father and my brothers decided for me sometimes they even restricted my movements.,
NRM_MOB,NRM_MOB_C,E_F_E.2,NP1E_F,we need to seek permission from parents while going out with friends,NRM_MOB_N
NRM_MOB,NRM_MOB_C,E_M_E.25,ET2E_M,stay in your own home,
NRM_MOB,NRM_MOB_C,E_M_E.25,ET4E_M,"he would say no. Because his is an old fashioned, He doesnt want his wife to be seen outside",
NRM_MOB,NRM_MOB_C,E_M_E.25,IN1E_M,Generally we do not allow our women to work outside,
NRM_MOB,NRM_MOB_C,E_M_E.25,IN1E_M,"No, husband will not kindly to the idea of his wife joining such a group; he will forbid her",
NRM_MOB,NRM_MOB_C,E_M_E.25,PK7E_M,She will not be permitted to go outside the village,
NRM_MOB,NRM_MOB_C,E_M_E.25.a,ET4E_M,"P4: if he let her outside, he is afraid that she will know everything what he does and what he gains. She will meet people and learn new things and even the fact that other families are not living the way they do",
NRM_MOB,NRM_MOB_C,E_M_E.25.a,ET4E_M,P3. He is afraid if she goes out often she will discuss and learn things that she would not if she stays home. He is also afraid she will meet a man,
NRM_MOB,NRM_MOB_C,E_F_E.43,IN1E_F,Women dont migrate,
NRM_MOB,NRM_MOB_C,E_F_E.43,PK7E_F,If she wants to earn then she should live here and work here,
NRM_MOB,NRM_MOB_C,E_M_E.6,IN3E_M,Parents also fear for the safety of their daughters; yesterday a girl was raped and murdered in a neighboring village,
NRM_MOB,NRM_MOB_C,E_M_E.6,IN4E_M,College is too far and parents consider it unsafe for their girls to commute,
NRM_MOB,NRM_MOB_C,E_F_E.8,IN4E_F,Safety concerns for girls,
NRM_MOB,NRM_MOB_C,E_F_E.8,UZ3E_F,Parents dont give permission to live in big cities,
NRM_MOB,NRM_MOB_C,E_F_E.9,IN4E_F,Safety concerns: there is no school or college here in our village and we go to XX to study. It is about 3-4 kilometers and not safe for us,
NRM_MOB,NRM_MOB_C,E_F_E.9,UZ3E_F,Parents dont give permission to live in big cities,
NRM_MOB,NRM_MOB_C,E_F_E.19,IN4E_F,If they want to sell in XX then they may not find it easy because of transport problems,
NRM_MOB,NRM_MOB_C,E_F_E.19,IN9E_F,XX is not a decent place for woman,
NRM_MOB,NRM_MOB_C,E_F_E.19,IN9E_F,Parents will never allow them and they will be severely reprimanded,
NRM_MOB,NRM_MOB_C,E_F_E.19,PK2E_F,R.1: women access to market is impossible,
NRM_MOB,NRM_MOB_C,E_F_E.19,PK2E_F,R.5: neither our husband nor our brothers can allow us to go to market place.,
NRM_MOB,NRM_MOB_C,E_F_E.19,PK2E_F,R.2: if women sale agri-products in the market it will have serious consequences on the whole area,
NRM_MOB,NRM_MOB_C,E_F_E.19,PK2E_F,R.4: women presence in the market doesnt appreciate and have negative effects,
NRM_MOB,NRM_MOB_C,E_F_E.19,PK7E_F,Only man does to market a women does not go the market for selling.,
NRM_MOB,NRM_MOB_C,E_F_E.51,IN7E_F,we wish we also had such an environment,
NRM_MOB,NRM_MOB_C,E_F_E.51,IN7E_F,police patrolling so that women dont feel unsafe,
NRM_MOB,NRM_MOB_C,E_F_E.51,NP1E_F,we should get more freedom like boys,
NRM_MOB,NRM_MOB_C,E_M_E.5,IN7E_M,It is costlier to provide higher education to girls since boys can commute on foot,
NRM_MOB,NRM_MOB_C,E_M_E.9,IN7E_M,"especially girls, have to quit studies",
NRM_MOB,NRM_MOB_C,E_M_E.42,NP2E_M,"to go out in this village is considered normal, because everyone goes, but for women it could be difficult.",
NRM_MOB,NRM_MOB_C,E_M_E.42,UZ3E_M,"No, girls do not migrate",
NRM_MOB,NRM_MOB_C,E_M_E.15,PK2E_M,"R1. In village, women do not have any opportunities to learn because women are not allowed to work outside their homes (Agreed by all)",
NRM_MOB,NRM_MOB_C,E_M_E.20,PK2E_M,Women cannot enter the market place.,
NRM_MOB,NRM_MOB_N,E_F_E.38,BD3E_F,"Such as, for studying, for medical fees, for Eid shopping, they are sometimes allowed to go to the market, but obviously, never alone. Neither at night, nor during the day, is a girl allowed to go to market alone. If she goes out with her husband, then it is not a problem. If her husband cannot, then only her father-in-law, can take her. Other than that, she is not allowed even with any neighbor, or male cousin etc",
NRM_MOB,NRM_MOB_N,E_F_E.38,IN9E_F,Some parents allow their girls to go while some dont,
NRM_MOB,NRM_MOB_N,E_F_E.38,NP2E_F,"yes, young unmarried girls can walk alone to the local market but difficult for married young women",
NRM_MOB,NRM_MOB_N,E_F_E.38,PK2E_F,R.6: will be more safe if other person accompany her,
NRM_MOB,NRM_MOB_N,E_F_E.39,BD3E_F,"before marriage, after school, a girl may visit the cosmetics store with her friend,",
NRM_MOB,NRM_MOB_N,E_F_E.39,IN1E_F,Parents start thinking differently once they marry their daughters; they think their girls are now the responsibility of their husbands,
NRM_MOB,NRM_MOB_N,E_F_E.39,IN1E_F,"No, I think they are not really right; married women can go out but only with their husbands",
NRM_MOB,NRM_MOB_N,E_F_E.39,IN1E_F,"Yes, they [married women] have slightly more freedom but they can go out only with their husbands",
NRM_MOB,NRM_MOB_N,E_F_E.39,IN4E_F,No thats not true; young married women roam around freely with their husbands who take care of them,
NRM_MOB,NRM_MOB_N,E_F_E.39,IN4E_F,But not all young married women go out alone,
NRM_MOB,NRM_MOB_N,E_F_E.39,IN4E_F,Young married women have more freedom than us,
NRM_MOB,NRM_MOB_N,E_F_E.39,IN7E_F,Married women have the license to roam around alone,
NRM_MOB,NRM_MOB_N,E_F_E.39,IN9E_F,She can go out only with her husband or with some older woman of the family like her mother in law,
NRM_MOB,NRM_MOB_N,E_F_E.39,NP2E_F,"young married women has to household works and take care of children. Therefore, it is difficult for them go out.",
NRM_MOB,NRM_MOB_N,E_F_E.41,BD3E_F,"My mother can roam around openly because she is a health worker. My father never restricts her to anything. She can go to work and give her treatment to people but before going to any of her relative?s house, she has to seek permission from father.",
NRM_MOB,NRM_MOB_N,E_F_E.41,BD3E_F,"When needed, women are allowed out, such as, when they are sick, or when they are going shopping.",
NRM_MOB,NRM_MOB_N,E_F_E.41,ET2E_F,if women are in a group they can go where ever they want.,
NRM_MOB,NRM_MOB_N,E_F_E.41,ET4E_F,many of them moving without any fear but there may be a few who are not moving due to fear,
NRM_MOB,NRM_MOB_N,E_F_E.41,IN1E_F,Parents who think well let their girls go out alone but they are few and far between,
NRM_MOB,NRM_MOB_N,E_F_E.41,IN4E_F,Sometimes we go with our mothers and aunts or brothers,
NRM_MOB,NRM_MOB_N,E_F_E.41,IN7E_F,Women can move around freely but only during daytime,
NRM_MOB,NRM_MOB_N,E_F_E.41,NP2E_F,we seek permission before going out.,
NRM_MOB,NRM_MOB_N,E_F_E.42,BD3E_F,"But if the family is going through poverty then she might be allowed. And if the parents think that there is a good opportunity for the girl to work in the city, and it would be better for her, then also she is allowed.",
NRM_MOB,NRM_MOB_N,E_F_E.42,IN4E_F,We can go with our husbands post marriage,
NRM_MOB,NRM_MOB_N,E_F_E.42,IN9E_F,We have to get married and then we can go wherever we want with our husband,
NRM_MOB,NRM_MOB_N,E_F_E.42,NP1E_F,we will be allowed to go but need to seek permission from the parents first,
NRM_MOB,NRM_MOB_N,E_M_E.38,BD3E_M,The young and older women can walk to the local market but there is always been checked her necessities. This is not comfortable for them move alone there,
NRM_MOB,NRM_MOB_N,E_M_E.38,BD3E_M,Young women can go to local market if she needs photographs. And to visit doctor but someone must accompany her.,
NRM_MOB,NRM_MOB_N,E_M_E.38,IN1E_M,"Women go with other women
	But there is no issue in women going alone to the market",
NRM_MOB,NRM_MOB_N,E_M_E.38,IN7E_M,Young girls go with their friends,
NRM_MOB,NRM_MOB_N,E_M_E.38,IN7E_M,Sometimes they go in groups,
NRM_MOB,NRM_MOB_N,E_M_E.38,IN9E_M,She can go alone if her intention is right,
NRM_MOB,NRM_MOB_N,E_M_E.38,IN9E_M,There is no problem in going during the daytime; she may not be allowed outside alone after dark,
NRM_MOB,NRM_MOB_N,E_M_E.38,NP2E_M,"Yes she can go, but not all the woman in the village is allowed like that",
NRM_MOB,NRM_MOB_N,E_M_E.38,PK7E_M,we can say the people of our village have positive thinking but the whole society do not think positively.,
NRM_MOB,NRM_MOB_N,E_M_E.39,BD3E_M,She should move as advised by her husband and permission. Without this she cannot move to market or other place as well,
NRM_MOB,NRM_MOB_N,E_M_E.39,IN1E_M,They can go but a 4-5 years of their marriage; in the beginning their husband and family will object,
NRM_MOB,NRM_MOB_N,E_M_E.39,IN1E_M,They can go after marriage but only with their husbands; they cannot go alone,
NRM_MOB,NRM_MOB_N,E_M_E.39,IN7E_M,It depends upon her familys thinking,
NRM_MOB,NRM_MOB_N,E_M_E.39,IN7E_M,Her husband may go with her,
NRM_MOB,NRM_MOB_N,E_M_E.39,IN7E_M,Newly married dont go; but they start going after sometime,
NRM_MOB,NRM_MOB_N,E_M_E.39,NP1E_M,for married woman it is quite easier than young girl,
NRM_MOB,NRM_MOB_N,E_M_E.39,NP2E_M,If her husband allows than its ok but she will need to ask as well with her in-laws,
NRM_MOB,NRM_MOB_N,E_M_E.41,BD3E_M,"Very little, if her necessity is very urgent then she is allowed",
NRM_MOB,NRM_MOB_N,E_M_E.41,BD3E_M,Older or mother aged woman may go alone but others cannot go alone without an accepted reason,
NRM_MOB,NRM_MOB_N,E_M_E.41,BD3E_M,I think what I observed; young women are visiting local market alone nowadays. They dont give a damn now but women did not show their desire to move alone before. But this has been changing here,
NRM_MOB,NRM_MOB_N,E_M_E.41,ET2E_M,some women are shy and move in groups,
NRM_MOB,NRM_MOB_N,E_M_E.41,IN1E_M,Women can go during the day; it will not be a problem; but nights may not be safe,
NRM_MOB,NRM_MOB_N,E_M_E.41,IN3E_M,No woman moves around without any reason,
NRM_MOB,NRM_MOB_N,E_M_E.41,IN3E_M,They go for some time for some work or for to meet a friend,
NRM_MOB,NRM_MOB_N,E_M_E.41,IN3E_M,But newly married dont go anywhere alone; they can at best go to their neighbors,
NRM_MOB,NRM_MOB_N,E_M_E.41,IN3E_M,Older women go wherever they want,
NRM_MOB,NRM_MOB_N,E_M_E.41,IN9E_M,Girls always go out in groups,
NRM_MOB,NRM_MOB_N,E_M_E.41,IN9E_M,There are many older people at such public places and in case something untoward happens then they will protect these girls/women,
NRM_MOB,NRM_MOB_N,E_M_E.41,IN9E_M,The village is safe; but in recent times parents have become slightly hesitant about sending their girls alone since an increasing number of boys are taking to drugs,
NRM_MOB,NRM_MOB_N,E_M_E.41,IN9E_M,Older women are free to go wherever they want and whenever; they have been in the village long and know everybody,
NRM_MOB,NRM_MOB_N,E_M_E.41,NP1E_M,things are changing now. Women can go outside,
NRM_MOB,NRM_MOB_N,E_M_E.41,PK7E_M,"she is permitted to visit her relatives house or nearby fields. 
She can go to village shop to purchase commodities of daily use.  But cannot go to a public and crowded places.",
NRM_MOB,NRM_MOB_N,E_M_E.40,ET1E_M,it is determined on the distance of the market,
NRM_MOB,NRM_MOB_N,E_M_E.40,IN1E_M,This is decided by the economic need of the family; poor women go; women from lower castes go; rich women dont,
NRM_MOB,NRM_MOB_N,E_M_E.40,IN3E_M,Normally women themselves not go to sell in the local market but widows do it for livelihood,
NRM_MOB,NRM_MOB_N,E_M_E.40,IN3E_M,Wives of alcoholic addicts also go to sell,
NRM_MOB,NRM_MOB_N,E_F_E.40,ET2E_F,It is easy for a female household head to sell vegetable and small amount of grain.,
NRM_MOB,NRM_MOB_N,E_F_E.40,PK7E_F,Women do not go to market in this village. Even she has permission still environment is not like that.,
NRM_MOB,NRM_MOB_N,E_F_E.40,PK7E_F,In case of emergency she will go but still she will be worried about her children.,
NRM_MOB,NRM_MOB_N,E_M_E.25,IN1E_M,It depends upon her husbands mentality,
NRM_MOB,NRM_MOB_N,E_M_E.25,IN9E_M,"He may allow her to join such a group
	There is no harm in working in a group; he may not have allowed her if she had wanted to do it alone",
NRM_MOB,NRM_MOB_N,E_M_E.26,IN4E_M,Women can go but they prefer not to,
NRM_MOB,NRM_MOB_N,E_M_E.33,IN7E_M,David will sell in the distant market while Diana can sell in the local market,
NRM_MOB,NRM_MOB_N,E_F_E.28,PK7E_F,"But she cant go alone, someone will accompany her.",
NRM_MOB,NRM_MOB_N,E_F_E.15,UZ3E_F,But parents relationships to the girls are quite different after marriage,
NRM_MOB,NRM_MOB_O,E_F_E.38,ET1E_F,yes she can.,
NRM_MOB,NRM_MOB_O,E_F_E.38,ET4E_F,"any women can go to any places and to the market independently. As a result, many sellers and buyers at the local market are women",
NRM_MOB,NRM_MOB_O,E_F_E.38,IN3E_F,"Yes, she can walk alone comfortably to the market",
NRM_MOB,NRM_MOB_O,E_F_E.38,IN3E_F,She can go there to buy something if she wants,
NRM_MOB,NRM_MOB_O,E_F_E.38,NP1E_F,"yes, we walk comfortably alone to the market",
NRM_MOB,NRM_MOB_O,E_F_E.38,NP1E_F,young girls also go to the market for selling vegetables,
NRM_MOB,NRM_MOB_O,E_F_E.38,UZ3E_F,"yes, in our district she can",
NRM_MOB,NRM_MOB_O,E_F_E.40,ET1E_F,"It is normal. Many women go out and sell vegetables, fire wood, and fruits in small markets around the village.",
NRM_MOB,NRM_MOB_O,E_F_E.40,NP1E_F,it is easy for a woman to sell in the local market because we go to market by riding bicycle,
NRM_MOB,NRM_MOB_O,E_F_E.40,NP1E_F,market is not far from XX,
NRM_MOB,NRM_MOB_O,E_F_E.40,UZ3E_F,its easy for women to sell products on the market. It is a usual thing today,
NRM_MOB,NRM_MOB_O,E_M_E.40,ET1E_M,"easy for her, we have local market in the kebele and both men and women are selling and buying",
NRM_MOB,NRM_MOB_O,E_M_E.40,ET2E_M,nothing prevents women to sell in market,
NRM_MOB,NRM_MOB_O,E_M_E.40,IN7E_M,It is easy for women to sell in the local market,
NRM_MOB,NRM_MOB_O,E_M_E.40,IN7E_M,It is common to find women in the local market,
NRM_MOB,NRM_MOB_O,E_M_E.40,UZ3E_M,Its easy for women to sell products on the market,
NRM_MOB,NRM_MOB_O,E_F_E.39,ET4E_F,it is the same any women can move freely and independently without any trouble,
NRM_MOB,NRM_MOB_O,E_F_E.39,IN1E_F,People dont say anything to married women,
NRM_MOB,NRM_MOB_O,E_F_E.39,IN1E_F,Married women can roam around,
NRM_MOB,NRM_MOB_O,E_F_E.39,IN3E_F,There are no security concerns and she can go,
NRM_MOB,NRM_MOB_O,E_F_E.39,IN3E_F,Even a married woman can walk comfortably to the market,
NRM_MOB,NRM_MOB_O,E_F_E.39,NP1E_F,married young women can also go alone to the market for selling crops and vegetables,
NRM_MOB,NRM_MOB_O,E_F_E.39,PK7E_F,She will not be confused. She will be relaxed.,
NRM_MOB,NRM_MOB_O,E_F_E.39,UZ3E_F,young married woman easily walk around,
NRM_MOB,NRM_MOB_O,E_M_E.38,ET4E_M,[Can a young woman walk comfortably alone to the local market?]    Yes she can.,
NRM_MOB,NRM_MOB_O,E_M_E.38,IN1E_M,Yes women can walk comfortably to the market,
NRM_MOB,NRM_MOB_O,E_M_E.38,IN3E_M,"Yes, they walk alone comfortably in our village but we will not like it and will allow them",
NRM_MOB,NRM_MOB_O,E_M_E.38,IN4E_M,"Yes, they can walk alone comfortably",
NRM_MOB,NRM_MOB_O,E_M_E.38,IN4E_M,Many young women go to the market,
NRM_MOB,NRM_MOB_O,E_M_E.38,IN4E_M,Girls go to school via the marketplace,
NRM_MOB,NRM_MOB_O,E_M_E.38,IN4E_M,There are lot of people in the market at any given time and therefore it is safe for them,
NRM_MOB,NRM_MOB_O,E_M_E.38,IN7E_M,"Yes, she can",
NRM_MOB,NRM_MOB_O,E_M_E.38,IN7E_M,Many women in our village go to the local market to sell and purchase,
NRM_MOB,NRM_MOB_O,E_M_E.38,IN7E_M,It is a crowded place and so very safe for women,
NRM_MOB,NRM_MOB_O,E_M_E.38,IN9E_M,The local market is within the village and young women can easily walk to the market,
NRM_MOB,NRM_MOB_O,E_M_E.38,NP1E_M,"yes, now a day no any problem",
NRM_MOB,NRM_MOB_O,E_M_E.38,NP2E_M,they have to ask their parents first,
NRM_MOB,NRM_MOB_O,E_M_E.39,ET4E_M,Yes she can move around. There is no difference. Now the low is very hard so no one will try to harm her because they know what would happen if they are caught,
NRM_MOB,NRM_MOB_O,E_M_E.39,IN1E_M,"Yes, she can walk alone comfortably in the market even after her marriage",
NRM_MOB,NRM_MOB_O,E_M_E.39,IN7E_M,Many women go to the market and they are comfortable going,
NRM_MOB,NRM_MOB_O,E_M_E.39,IN7E_M,It is safe for her to go after marriage too,
NRM_MOB,NRM_MOB_O,E_M_E.39,UZ3E_M,Young married woman easily walk around,
NRM_MOB,NRM_MOB_O,E_M_E.25,IN1E_M,He will be okay with his wife joining a group,
NRM_MOB,NRM_MOB_O,E_M_E.25,IN4E_M,He will allow her to join the group,
NRM_MOB,NRM_MOB_O,E_M_E.25,IN4E_M,He will not mind her joining such a group,
NRM_MOB,NRM_MOB_O,E_M_E.25,IN4E_M,He will not have any problem in joining such a group since she herself is also growing vegetables,
NRM_MOB,NRM_MOB_O,E_M_E.25,IN7E_M,He will allow her to join the group,
NRM_MOB,NRM_MOB_O,E_M_E.25,IN7E_M,He will not have any problem,
NRM_MOB,NRM_MOB_O,E_M_E.41,IN1E_M,Women can move freely in our village,
NRM_MOB,NRM_MOB_O,E_M_E.41,IN1E_M,Girls usually go with their friends and sometime with their family members,
NRM_MOB,NRM_MOB_O,E_M_E.41,IN4E_M,There are no security threats within the village,
NRM_MOB,NRM_MOB_O,E_M_E.41,IN4E_M,Women can move around freely within the village,
NRM_MOB,NRM_MOB_O,E_M_E.41,IN7E_M,All women move freely in our village,
NRM_MOB,NRM_MOB_O,E_M_E.41,IN7E_M,If a woman wants to go to the temple to worship then she can easily go alone,
NRM_MOB,NRM_MOB_O,E_M_E.41,IN7E_M,Even rich women move around freely,
NRM_MOB,NRM_MOB_O,E_M_E.41,IN7E_M,Newly married women also move around freely,
NRM_MOB,NRM_MOB_O,E_M_E.41,IN7E_M,women can move around freely and minus any safety concerns,
NRM_MOB,NRM_MOB_O,E_M_E.41,IN9E_M,Young girls also move around freely,
NRM_MOB,NRM_MOB_O,E_M_E.41,NP2E_M,most women move freely on their own in the village,
NRM_MOB,NRM_MOB_O,E_M_E.41,NP2E_M,women today go to the college and with the parents permission they can move freely,NRM_MOB_N
NRM_MOB,NRM_MOB_O,E_F_E.41,IN3E_F,Practically all women move freely on their own in the village,
NRM_MOB,NRM_MOB_O,E_F_E.41,NP1E_F,we can go out to public spaces in the community once we need to ask parents. But they will allow,
NRM_MOB,NRM_MOB_O,E_F_E.41,NP2E_F,mobility of women are increasing than before,
NRM_MOB,NRM_MOB_O,E_F_E.41,PK7E_F,All women can go anywhere.,
NRM_MOB,NRM_MOB_O,E_M_E.26,IN4E_M,Adam will allow her to go,
NRM_MOB,NRM_MOB_O,E_M_E.26,IN4E_M,She can go if she wants to,
NRM_MOB,NRM_MOB_O,E_M_E.26,IN7E_M,He will not have any problem since she has her own garden and is a capable woman,
NRM_MOB,NRM_MOB_O,E_M_E.26,IN7E_M,It is common for women to sell in the local market,
NRM_MOB,NRM_MOB_O,E_M_E.33,IN7E_M,Local market is a safe place for women,
NRM_MOB,NRM_MOB_O,E_M_E.33,IN7E_M,They can also go together,
NRM_MOB,NRM_MOB_O,E_M_E.51,IN7E_M,It should be within the village so that girls can also attend college,NRM_MOB_N
NRM_MOB,NRM_MOB_O,E_M_E.51,IN7E_M,We need bus service in our village,
NRM_MOB,NRM_MOB_O,E_F_E.25,NP1E_F,Ram Bahadur might allow Laxmi to join a local group of women who grow vegetables,
NRM_MOB,NRM_MOB_O,E_F_E.42,NP2E_F,"for married young women, it would be easier because husband will be with her",NRM_MOB_N
NRM_MOB,NRM_MOB_O,E_F_E.42,NP2E_F,Temporary migration of young women is 20-25% (basically for education),NRM_MOB_N
NRM_MOB,NRM_MOB_O,E_F_E.19,UZ3E_F,they will not face with difficulties,
NRM_MOB,NRM_MOB_O,E_M_E.19,UZ3E_M,They wouldnt have any problems. They have done it before,
NRM_MOB,NRM_MOB_O,E_M_E.20,UZ3E_M,Nothing bad would happen,
